-- phpMyAdmin SQL Dump
-- version 4.7.3
-- https://www.phpmyadmin.net/
--
-- Хост: 127.0.0.1:3306
-- Время создания: Мар 02 2019 г., 08:04
-- Версия сервера: 5.7.19
-- Версия PHP: 7.1.7

SET SQL_MODE = "NO_AUTO_VALUE_ON_ZERO";
SET AUTOCOMMIT = 0;
START TRANSACTION;
SET time_zone = "+00:00";


/*!40101 SET @OLD_CHARACTER_SET_CLIENT=@@CHARACTER_SET_CLIENT */;
/*!40101 SET @OLD_CHARACTER_SET_RESULTS=@@CHARACTER_SET_RESULTS */;
/*!40101 SET @OLD_COLLATION_CONNECTION=@@COLLATION_CONNECTION */;
/*!40101 SET NAMES utf8mb4 */;

--
-- База данных: `find_yourself_db`
--

-- --------------------------------------------------------

--
-- Структура таблицы `fy_admins`
--

CREATE TABLE `fy_admins` (
  `fy_adm_id` int(11) NOT NULL,
  `fy_adm_login` text NOT NULL,
  `fy_adm_pass` text NOT NULL,
  `fy_adm_token` text NOT NULL,
  `fy_adm_type` varchar(1) NOT NULL DEFAULT 'r',
  `fy_adm_master` varchar(1) NOT NULL DEFAULT 'n'
) ENGINE=InnoDB DEFAULT CHARSET=utf8;

--
-- Дамп данных таблицы `fy_admins`
--

INSERT INTO `fy_admins` (`fy_adm_id`, `fy_adm_login`, `fy_adm_pass`, `fy_adm_token`, `fy_adm_type`, `fy_adm_master`) VALUES
(1, 'fy_admin', '8a9abf0a5f505f75827a00a134c0c8eb', 'D87917402494CB1A3366D3C1E7295F42', 'g', 'm'),
(4, 'fy_admin2', '84b9cf27bd0e64a88f5d7da94155c0ab', 'B3552E27E5E7E072CC68A55889D75FCC', 'u', 'n'),
(5, 'fy_admin3', '24ed74e243a8bf3e1c35537ca87f4bb4', 'BEE8226F2EC41D13C4BE2B7298D4ED1F', 'u', 'n');

-- --------------------------------------------------------

--
-- Структура таблицы `fy_news`
--

CREATE TABLE `fy_news` (
  `fy_news_id` int(11) NOT NULL,
  `fy_news_name` text NOT NULL,
  `fy_news_short_descr` text NOT NULL,
  `fy_news_text` text NOT NULL,
  `fy_news_pic` text NOT NULL,
  `fy_news_views` int(11) NOT NULL DEFAULT '0',
  `fy_news_date` date NOT NULL
) ENGINE=InnoDB DEFAULT CHARSET=utf8;

--
-- Дамп данных таблицы `fy_news`
--

INSERT INTO `fy_news` (`fy_news_id`, `fy_news_name`, `fy_news_short_descr`, `fy_news_text`, `fy_news_pic`, `fy_news_views`, `fy_news_date`) VALUES
(2, 'Стереотипы о профессиях', 'Продавцы крадут. Журналисты обманывают. Врачи неразборчиво пишут. Актёры истеричны. \'<b>\'Программисты\'</b>\' не ухожены. Художники страдают алкоголизмом. Модели глупые. Дизайнеры вычурные. Певцы самолюбивые. Тренеры грубые. Библиотекари занудные. Милиционер, пилот, водитель, машинист — исключительно мужские профессии. Работать секретарём, кассиром, воспитателем под стать слабому полу, но не сильному — стыдно. Фотосъёмка, визаж, репетиторство — и вовсе занятия, которые легко освоит любой.', 'Продавцы крадут. Журналисты обманывают. Врачи неразборчиво пишут. Актёры истеричны. Программисты не ухожены. Художники страдают алкоголизмом. Модели глупые. Дизайнеры вычурные. Певцы самолюбивые. Тренеры грубые. Библиотекари занудные. Милиционер, пилот, водитель, машинист — исключительно мужские профессии. Работать секретарём, кассиром, воспитателем под стать слабому полу, но не сильному — стыдно. Фотосъёмка, визаж, репетиторство — и вовсе занятия, которые легко освоит любой.', 'Ster.jpg', 2, '2018-11-21'),
(3, 'Топ-10 самых востребованных профессий в Беларуси', 'Повторяя общмировые тенденции кадрового обеспечения, в деталях Беларусь следует своим путем. Среди \"наших\" топ-профессий есть такие, как повар, врач государственной клиники и продавец.', 'Повторяя общмировые тенденции кадрового обеспечения, в деталях Беларусь следует своим путем. Среди \"наших\" топ-профессий есть такие, как повар, врач государственной клиники и продавец.', 'top_2.jpg', 36, '2018-11-22'),
(4, 'Интервью с преподавателем «Самое сложное в профессии, среди всей бумажной работы оставить время на работу с детьми»', 'Сегодня мы беседуем с преподавателем учреждения образования «Гомельский государственный машиностроительный колледж» Завацкой Аленой Николаевной. -Расскажите подробнее о том, что вы преподаете? -Я преподаю спец. дисциплины для специальности «Программное обеспечение информационных технологий», а именно «Защиту компьютерной информации» и «Тестирование и отладку программного обеспечения». Это не полный список преподаваемых дисциплин, но эти мне нравятся больше всего, их я преподаю уже 4 года. -Нравится ли Вам ваша работа?', 'Сегодня мы беседуем с преподавателем учреждения образования «Гомельский государственный машиностроительный колледж» Завацкой Аленой Николаевной. -Расскажите подробнее о том, что вы преподаете? -Я преподаю спец. дисциплины для специальности «Программное обеспечение информационных технологий», а именно «Защиту компьютерной информации» и «Тестирование и отладку программного обеспечения». Это не полный список преподаваемых дисциплин, но эти мне нравятся больше всего, их я преподаю уже 4 года. -Нравится ли Вам ваша работа?', 'ррр1458903432_26249300.png', 5, '2018-11-21'),
(17, 'Топ-10 самых высокооплачиваемых профессий в Беларуси', 'Для поступающих, студентов и их родителей действительно важно знать, какие же профессии в нашей стране являются самыми высокооплачиваемыми. Ведь четыре года обучения пролетают очень быстро, и настает время выбирать, где и кем ты будешь работать, по специальности или нет. Здесь вы сможете найти список самых высокооплачиваемых работ в Республике Беларусь от Samoe Radio:', '<p>\r\n        1. Если бы Национальный статистический комитет учитывал данные о зарплате спортсменов, то без сомнения на первом месте стояли бы хоккеисты минского «Динамо». Ни за что не угадаете, сколько эти ребята получают ежемесячно! В среднем 22300 $!\r\n        </p>\r\n        <p>\r\n        2. Согласно статистике, одними из самых богатых в нашей стране являются пилоты гражданской авиации. Их заработная плата составляет приблизительно 1435 белорусских рублей в месяц. Более того, эти цифры увеличиваются в несколько раз, если учитывать премии! Так что, если у Вас отменное здоровье, можете, не задумываясь, идти в пилоты.\r\n        </p>\r\n        <p>\r\n        3. Третье место в нашем списке занимают профессии, связанные с вычислительной техникой. Например, программисты, персонал технического обслуживания компьютеров. Ежемесячная зарплата- около 1400-1500 бел. руб.\r\n        </p>\r\n        <p>\r\n        4. Теперь поговорим о производстве кокса. Нет, не того кокса, о котором Вы, наверняка, подумали. Кокс – ряд веществ, получаемых промышленным способом. Сюда относятся каменноугольный, нефтяной, торфяной торс и их производство, а также производство нефтепродуктов и ядерных материалов. Те, кто работают в этой сфере, получают примерно 1250 бел. руб. в месяц. Если не учитывать различные премии, то можно сказать, что не самая достойная оплата такого сложного труда.\r\n        </p>\r\n        <p>\r\n        5. На пятом месте находятся специалисты, работающие в сфере финансовой деятельности, и те, кто занимается финансовым посредничеством. Получают приблизительно 1100 рублей в месяц. Так что велком, если заинтересовало.\r\n        </p>\r\n        <p>\r\n        6. Представители химического производства также получают неплохие деньги - 1050 рублей в месяц.\r\n        </p>\r\n        <p>\r\n        7. 900-1000 бел. руб. – деньги, которыми довольствуются те , кто работает в сфере радиовещания и телевидения. Интересно и не пыльно, можно взять на заметку! (голосам БГЭУ пока не так много платят, но они всё равно продолжают улыбаться)\r\n        </p>\r\n        <p>\r\n        8. Те, кто выбрал область архитектуры и инженерных услуг, в среднем получают по 950 рублей. \r\n        </p>\r\n        <p>\r\n        9. Любопытно, что представители воздушного транспорта, не подчиняющегося расписанию, получают 900-1000 бел. руб. каждые 30 дней.\r\n        </p>\r\n        <p>\r\n        10. Наш список заканчивают специалисты, работающие в сферах научных исследований и разработок, издательской и строительной сферах, в торговле автомобилями и мотоциклами, их технического обслуживания и ремонта. Их заработная плата варьируется от 800 до 900 бел. руб.\r\n        </p>\r\n        <p>\r\n        \r\n        Искренне надеемся, что этот список заинтересовал Вас и хоть немного помог заглянуть в кошелёк белорусов. Остается только пожелать удачи и стараться не завидовать)\r\n         </p>', 'top.jpg', 2078, '2018-11-28'),
(18, 'Профессия \"Программист\". Как \"влиться в мир IT?', 'Всем известно, что сейчас технологии захватывают мир. Но не всем известно, кто создаёт эти технологии.', 'Кто такие <i>\"айтишники\"</i>? У многих возникают ассоциации толстого бородатого дядьки, целыми днями играющего в WoW или Lineage. Но на самом деле <i>\"айтишники\"</i> - это люди, которые связаны с IT сферой. Это и <i>программисты, системные администраторы, web-разработчики</i> и другие. И у каждой специальности свои назначения: <i>программисты</i> создают программы и системы, <i>системные администраторы</i> содержат и настраивают сервера, <i>web-разработчики</i> создают сайты и так далее. Если хотите стать кем-то в этой сфере, то для <b>Вас</b> у нас есть хороший вариант: сайт <l><u><r>http://geekbrains.com</r></u></l>!', 'Screenshot_2.png', 41, '2018-11-29'),
(19, 'В России начнут разработку приложения для удостоверения личности', 'Правительство прорабатывает вопрос создания мобильного приложения, которое позволит не носить с собой бумажный паспорт или водительское удостоверение, а предъявлять эти документы в случае необходимости с помощью мобильного телефона. Об этом на форуме «Россия зовет» сообщил вице-премьер Максим Акимов, пишет «Российская газета».', '<blockquote>«Мы абсолютно точно придем к новому форм-фактору в сфере базового документа, идентифицирующего личность человека», — сказал вице-премьер.</blockquote>\r\n\r\nПредполагается, что такой документ будет «выдаваться», как и бумажный, с 14 лет.\r\n\r\nДизайн-проект документа будет разработан в первой половине 2019 года в новой государственной информационной системе «Мир», сказал Акимов.\r\n\r\nНа базе системы «Мир» в настоящее время идет выдача паспортов, загранпаспортов, документа иностранного гражданина, удостоверения беженца и других документов. Она также будет обслуживать и новый паспорт.', 'HorribleSubs-PSYCHO-PASS-08-720p.mkv_snapshot_11.10_2012.12.01_11.02.28.jpg', 33, '2018-11-30'),
(20, 'В Канаде построят город, который будет знать о своих жителях все', 'Дочерняя компания Google стремится создать в Торонто умный город будущего, который будет собирать огромное количество данных о местных жителях. Станет ли он самой высокотехнологичной и модной точкой планеты или окажется очередным реальным примером антиутопии?', 'В Кремниевой долине сделать устройство умным – значит добавить в него подключение к интернету, позволить ему собирать, отправлять и получать данные, обучаться и подстраиваться под предпочтения пользователей. Теперь у нас есть умные колонки, термометры, занавески и секс-игрушки, которые собирают информацию о нас и отправляют ее на сервера компании. Вскоре у нас появится умный город: Sidewalk Labs, дочерняя компания Google, занимается его созданием – она собирается преобразить один из районов Торонто под названием Quayside. Эта задумка далеко не нова – умная инфраструктура используется уже довольно широко. Тем не менее, планы компании просто поражают. Они не просто отремонтируют заброшенный берег Торонто, они превратят его в микрогород, оснащенный умными технологиями, которые будут использовать данные для всего – от урегулирования пробок до здравоохранения, жилищного строительства и выброса парниковых газов. Умные датчики будут теперь не только в наших матрасах, но и в стенах наших домов. picФото: The Atlantic Однако все эти данные требуют механизмов для сбора, и город, «который никогда не спит», привлек ряд обвинений против Sidewalk Labs и ее партнера по недвижимости Waterfront Toronto в пренебрежении конфиденциальностью и дезинформации жителей. В прошлом месяце четверо человек ушли из консультативного совета Waterfront Toronto и Sidewalk Labs из-за опасений по поводу неприкосновенности личной жизни. «Люди должны знать, что в таком городе о конфиденциальности и речи быть не может», – сказала Анна Кавукян, проработавшая 16 лет уполномоченной по вопросам информации и приватности. До октября она была консультантом по проекту Quayside, но покинула свой пост после того, как Waterfront Toronto и Sidewalk отказались в одностороннем порядке запретить участвующим компаниям собирать пользовательские данные. Почти каждое решение Sidewalk Labs сочетает в себе гражданское строительство и элементы сбора данных – в документе о видении это называется «повсеместным считыванием». Quayside будет сокращать выбросы углекислого газа не только при помощи тепловой сетки; в каждый дом и офис будут встроены умные термостаты Nest, которые используют датчики и прогностическое моделирование для автоматического изменения температуры в течение дня. Проблема с пробками будет решаться не только посредством создания большего количества пешеходных зон, но и установки всегда работающих камер в общественных местах, которые при помощи компьютерного видения будут анализировать закономерности транспортного движения. Даже улицы будут умными. К числу нововведений, предложенных для сокращения несчастных случаев на дорогах, можно отнести беспилотные автомобили, райдшеринг и «динамические улицы, которые собирают данные и реагируют на них». Камеры на светофорах будут регистрировать скорость каждого транспорта и прогнозировать аварии. picФото: Business Insider Город буквально построен для сбора данных о местных жителях и туристах, о чем Кавукян знала, когда соглашалась на должность консультанта. Ее беспокоит использование всех этих камер и датчиков для отслеживания людей на индивидуальном уровне – а именно для создания реальных версий личных профилей жителей. Михей Лашер, глава по коммуникациям в Sidewalk Labs, заявил, что просьба Кавукян была нереалистичной. Он согласен с важностью конфиденциальности: «Мы не планируем собирать все данные жителей города и продавать их, мы не строим Сенсорвиль». Он также добавил, что уход Кавукян был «неожиданным». Как Sidewalk Labs и Waterfront Toronto воплотят в жизнь план «повсеместного считывания» и не построят при этом «Сенсорвиль» – пока неизвестно. Но люди вроде Кавукян подозревают, что Quaside будет работать примерно так же, как работают другие корпоративные проекты: поведение пользователей будет анализироваться, продукты – совершенствоваться, а люди будут тратить больше денег. Если, например, повышенное количество пешеходных зон поднимет продажи в цепочке магазинов в Quayside, любая финансовая прибыль теоретически пойдет продавцам. Однако если данные людей являются ключевыми для генерации выручки, не должны ли они получать больше преимуществ, чем более быстрая дорога до офиса и чистый воздух? Саадиа Музаффар, тоже покинувшая свой пост, считает, что Sidewalk Labs не объяснили пользователям, что их данные являются частью модели дохода города или компании. Кроме того, ей кажется, что представители Sidewalk Labs не полностью информируют местных жителей; они фокусируются лишь на позитивных сторонах проекта и игнорируют вопросы о собственности и последствиях: «Тему данных они стараются объяснить чересчур сложно для понимания людей, хотя на самом деле все это можно сделать по-другому. Я считаю, что несправедливо консультировать людей по вопросам, которые они не понимают». picФото: The Architect Перед тем, как приступить к строительству Quayside, в Торонто проведут серию публичных слушаний, чтобы убедиться, что жители города не против. Начнутся они 1 ноября. «Я думаю, важно отметить, что у проекта много целей – например, обеспечить жителей доступным жильем, создать устойчивый городской район, экономическую активность и новые рабочие места. Все это должно происходить наряду с политикой, которая защищает общественные интересы, в том числе в отношении данных. Но данные – лишь часть этого разговора», – сказал он. Вероятнее всего, Quayside достигнет всех этих целей и станет прецедентом для будущих аналогичных проектов. Однако Sidewalk Labs придется переосмыслить не только закономерности движения и термостаты, но и набор правил для данных и приватности. До сих пор это является самой сложной частью проекта.', 'simon-zhu-1002611-unsplash.jpg.895x400_q95_crop_darken_upscale.jpg', 176, '2018-11-30'),
(21, 'В «Ростехе» рассказали о создании «первого российского чипа для интернета вещей»', '«Ростех» сообщил о создании микросхемы для интернета вещей. Чип обеспечивает цифровую связь на расстоянии до 30 км.', 'Разработала микросхему «Росэлектроника». Размер чипа — 5*5 мм. Он предназначен для приема и передачи информации в частотном диапазоне от 100МГц до 2,5ГГц. Устройство будет использовано в IoT-решениях для промышленности, транспорта, связи, сельского хозяйства и в «умных» бытовых приборах. Основным преимуществом чипа в «Ростехе» называют защищенность от вмешательства извне. Это, по заявлениям госкорпорации, является ключевым при использовании на стратегически важных предприятиях и объектах инфраструктуры. Сейчас создана и тестируется опытная партия чипов.', 'picter.jpeg', 10, '2018-11-30');

-- --------------------------------------------------------

--
-- Структура таблицы `fy_news_comments`
--

CREATE TABLE `fy_news_comments` (
  `fy_comm_id` int(11) NOT NULL,
  `fy_comm_news_id` int(11) NOT NULL,
  `fy_comm_name` text NOT NULL,
  `fy_comm_email` text NOT NULL,
  `fy_comm_text` text NOT NULL,
  `fy_comm_ip` text NOT NULL,
  `fy_comm_date` date NOT NULL
) ENGINE=InnoDB DEFAULT CHARSET=utf8;

--
-- Дамп данных таблицы `fy_news_comments`
--

INSERT INTO `fy_news_comments` (`fy_comm_id`, `fy_comm_news_id`, `fy_comm_name`, `fy_comm_email`, `fy_comm_text`, `fy_comm_ip`, `fy_comm_date`) VALUES
(3, 20, 'findyourself', 'mrcaxapov@gmail.com', ':smile:', '127.0.0.1', '2019-01-06'),
(6, 20, 'hello', 'hello@uiekf.co', 'hello :smile:', '127.0.0.1', '2019-01-06'),
(7, 20, 'findyourself', 'mrcaxapov@gmail.com', ':smile:', '127.0.0.1', '2019-01-06'),
(10, 19, 'findyourself', 'mrcaxapov@gmail.com', 'Это Россия, Россия для грустных! :rage:', '127.0.0.1', '2019-01-06'),
(11, 21, 'findyourself', 'mrcaxapov@gmail.com', 'ох уж эта рашка! :face_palm:', '127.0.0.1', '2019-01-06'),
(12, 18, 'findyourself', 'mrcaxapov@gmail.com', 'ЕЕЕЕЕЕЕЕЕЕЕЕЕЕЕЕЕЕЕЕЕЕ РЕКЛАМА ПРОПЛАЧЕННЫЙ ПОСТ ЕЕЕ! :smiley:', '127.0.0.1', '2019-01-06'),
(19, 3, 'findyourself', 'mrcaxapov@gmail.com', 'hutjrgjeuirogl :smile:', '127.0.0.1', '2019-01-06'),
(21, 3, 'findyourself', 'mrcaxapov@gmail.com', ':laughing:  :joy:  :wink:  :wink:', '127.0.0.1', '2019-01-06'),
(22, 3, 'findyourself', 'mrcaxapov@gmail.com', ':kissing_closed_eyes:  :kissing_closed_eyes:', '127.0.0.1', '2019-01-06'),
(24, 20, 'findyourself', 'mrcaxapov@gmail.com', 'киберпанк которого мы заслужили :laughing:  :laughing:  :disappointed_relieved:', '127.0.0.1', '2019-01-06'),
(26, 20, 'yfiuejkl', 'mrcaxapov@gmail.com', ':face_with_hand_over_mouth:  :face_palm:  :heart_eyes:  :neutral_face:  :smirk:  :kissing_closed_eyes:  :kissing_heart:  :anguished:  :angry:  :dizzy_face:  :anguished:', '127.0.0.1', '2019-01-06'),
(30, 19, 'findyourself', 'mrcaxapov@gmail.com', ':neutral_face:  :neutral_face:  :neutral_face:', '127.0.0.1', '2019-01-07'),
(33, 3, '6783290', 'mrcaxapov@gmail.com', ':smiling_imp:  :smiling_imp:  :smiling_imp:', '127.0.0.1', '2019-01-16'),
(34, 19, 'findyourself', 'mrcaxapov@gmail.com', ':upside_down_face:', '127.0.0.1', '2019-01-16'),
(35, 20, 'passwordsaver', 'mrcaxapov@gmail.com', ':smiling_imp:', '127.0.0.1', '2019-02-16'),
(36, 20, 'kjkjmlk', 'mrcaxapov@gmail.com', ':heart_eyes:  :heart_eyes:', '127.0.0.1', '2019-02-19'),
(39, 23, 'аааааааааааа', 'fhuewlk@gmail.com', ':upside_down_face:  :upside_down_face:  :upside_down_face:  :upside_down_face:  :upside_down_face:', '127.0.0.1', '2019-02-28');

-- --------------------------------------------------------

--
-- Структура таблицы `fy_professions`
--

CREATE TABLE `fy_professions` (
  `fy_prog_id` int(11) NOT NULL,
  `fy_prog_name` text NOT NULL,
  `fy_prog_desc` text NOT NULL,
  `fy_prog_parselink` varchar(100) DEFAULT NULL,
  `fy_prog_type` int(11) NOT NULL
) ENGINE=InnoDB DEFAULT CHARSET=utf8;

--
-- Дамп данных таблицы `fy_professions`
--

INSERT INTO `fy_professions` (`fy_prog_id`, `fy_prog_name`, `fy_prog_desc`, `fy_prog_parselink`, `fy_prog_type`) VALUES
(4, 'Звукооператор', 'Звукооператор — это специалист, который создает звуковое оформление радио- и телевизионных передач, фильмов, спектаклей и различных мероприятий.', 'https://kudapostupat.by/speciality/id/383', 1),
(7, 'Муыкант', 'Музыкой можно заниматься профессионально, а можно для себя.\r\n\r\nМузыкант — это человек, умеющий играть на музыкальном инструменте. Также к представителям этой профессии относятся композиторы, вокалисты, то есть те люди, которые по роду своей деятельности прямо связаны с музыкой.', 'https://kudapostupat.by/speciality/id/342', 1),
(8, 'Инжинер-программист', 'Инженер-программист. На основе анализа математических моделей и алгоритмов решения экономических и других задач разрабатывает программы, обеспечивающие возможность выполнения алгоритма и соответственно поставленной задачи средствами вычислительной техники, проводит их тестирование и отладку. Разрабатывает технологию решения задачи по всем этапам обработки информации. Осуществляет выбор языка программирования для описания алгоритмов и структур данных. Определяет информацию, подлежащую обработке средствами вычислительной техники, ее объемы, структуру, макеты и схемы ввода, обработки, хранения и вывода, методы ее контроля. Выполняет работу по подготовке программ к отладке и проводит отладку. Определяет объем и содержание данных контрольных примеров, обеспечивающих наиболее полную проверку соответствия программ их функциональному назначению. Осуществляет запуск отлаженных программ и ввод исходных данных, определяемых условиями поставленных задач. Проводит корректировку разработанной программы на основе анализа выходных данных. Разрабатывает инструкции по работе с программами, оформляет необходимую техническую документацию. Определяет возможность использования готовых программных продуктов. Осуществляет сопровождение внедренных программ и программных средств. Разрабатывает и внедряет системы автоматической проверки правильности программ, типовые и стандартные программные средства, составляет технологию обработки информации. Выполняет работу по унификации и типизации вычислительных процессов. Принимает участие в создании каталогов и картотек стандартных программ, в разработке форм документов, подлежащих машинной обработке, в проектировании программ, позволяющих расширить область применения вычислительной техники.', 'https://kudapostupat.by/speciality/id/291', 2),
(11, 'Программист', 'Программирование как род занятий может являться основной профессиональной деятельностью специалиста, либо использоваться в качестве вспомогательной деятельности для решения иных профессиональных задач, либо же использоваться в непрофессиональной сфере (как инструмент решения задач или ради получения удовольствия от процесса программирования). Термин «программист» не обязательно подразумевает профессиональное образование или профессиональную деятельность.\r\n\r\nОбразование\r\n\r\nКак основная профессиональная деятельность программирование используется в технической и в научной областях.\r\n\r\nВ технике выделяются средняя техническая квалификация техник-программист (ранее «программист-лаборант») и высшая техническая квалификация инженер-программист. Предметом деятельности специалистов с соответствующей квалификацией (техников и инженеров) является проектирование, разработка и производство программного обеспечения, как промышленной продукции, удовлетворяющей заданным функциональным, конструктивным и технологическим требованиям (результатом деятельности является программное обеспечение). Подготовка инженеров-программистов ведётся по специальностям  «Программное обеспечение вычислительной техники и автоматизированных систем» и  «Математическое обеспечение и администрирование информационных систем».\r\n\r\nПредметом деятельности программистов в науке является решение задач с применением методов прикладной математики и реализацией на ЭВМ (результатом деятельности является полученное при помощи программы решение задачи). В России ведётся подготовка специалистов по специальностям «Прикладная математика и информатика» и «Прикладная математика».', 'https://kudapostupat.by/speciality/id/275', 2),
(12, 'Системный аналитик', 'В сфере его деятельности — разработка автоматизированных систем управления (ERP-систем) и оптимизация с их помощью бизнес-процессов в организации, модернизация существующей системы управления, сбор требований к создаваемому программному продукту, разработка технического задания на создание и тестирование программного продукта, подготовка документального оформления системной и программной архитектур IT-системы, консультирование и обучение пользователей ERP-системы работе с ней, решение проблем функционирования ERP-системы.\r\n\r\nМесто работы:\r\n\r\nIT-компании, компании-интеграторы предприятия и организации, где существуют отделы системного анализа крупные компании: банки, финансовые корпорации, топливно-энергетические комплексы и др.', 'https://kudapostupat.by/speciality/id/225', 2),
(13, 'Тестировщик программного обеспечения', 'Работа тестировщика напоминает работу следователя или детектива: он идет по горячим следам программиста и выискивает ошибки (на профессиональном языке — баги). В ход идут различные дедуктивные методы и скрытые приемы. Чтобы отыскать спрятавшуюся в глубине программы ошибку, нужно быть изобретательным: задавать нужные вопросы, знать психологию программиста и уметь предвидеть, где именно может скрываться увертливый баг. Профессионал никогда не ограничится выполнением шаблонных заданий тест-плана, он придумает собственные способы тестирования, попробует разные пути и комбинации.\r\n\r\nМесто работы:\r\n\r\nТестировщик ПО может работать в IT-компаниях, разрабатывающих программное обеспечение и интернет-сайты, в составе независимых групп тестирования или в компаниях, занимающихся исключительно тестированием ПО: в любых организациях, внедряющих собственные системы автоматизации (например, многие банки имеют свои отделы разработки и тестирования ПО).', 'https://kudapostupat.by/speciality/id/236', 2),
(15, 'Инженер системотехник', 'Локальные и глобальные компьютерные сети – это сложные структуры с многоуровневой топологией. Обязанностью Инженера-системотехника является поддержание целостности структуры сети, обслуживание ее сегментов и обслуживание и ремонт каждого отдельного компьютера (установка операционной системы, других программных компонентов, ремонт вышедших из строя деталей). Инженер-системотехник - это ведущий специалист в сфере формирования и использования компьютерных информационных систем и технологий. Инженеры-системотехники должны осуществлять исследовательскую, методическую и методологическую деятельности. Главное, чем должен владеть специалист, - умение применять все полученные знания для решения двух основных системотехнических задач: управления процессом создания сложной системы и обеспечение интеграции частей этой системы в единое целое.\r\n', 'https://kudapostupat.by/speciality/id/380', 2),
(17, 'Специалист по геоинформационным системам', 'Геоинформационные системы (ГИС) – это компьютерные системы, позволяющие эффективно работать с пространственно-распределенной информацией. ГИС – это современная компьютерная технология для картографирования и анализа объектов, объединяет традиционные операции при работе с базами данных с преимуществами полноценной визуализации и географического пространственного анализа, которое предоставляет карта.\r\n\r\nГлавный системный программист предприятия, или Специалист по геоинформационным системам (ГИС), выполняет работы по формированию политики Предприятия в области ГИС-технологий и реализации, связанных с этим конкретных задач, а также комплексному обеспечению договорных обязательств Предприятия в области ГИС-технологий.\r\n\r\nМесто работы:\r\n\r\nПредприятия в области ГИС-технологий.', 'https://kudapostupat.by/speciality/id/270', 2),
(18, 'Автомеханик', 'В маленьких автосервисах в основном работают автомеханики-универсалы: они делают все — от и до. В крупных центрах обычно практикуется разделение по специализациям.\r\n\r\nАвтожестянщики выправляют, шпаклюют разбитую машину и подготавливают ее к малярным работам.\r\n\r\nМаляры делают грубую и окончательную шлифовку, готовят автомобиль к покраске и затем красят.\r\n\r\nМеханики-диагносты  определяют причины поломки (они особенно востребованы в мастерских иномарок).\r\n\r\nАвтоэлектрики устраняют неполадки в электронике и тоже пользуются спросом, так как все большее количество машин  сегодня производители снабжают бортовыми компьютерами.\r\n\r\nСуществует еще около десятка не менее важных специальностей: арматурщики, мотористы, специалисты по ремонту коробки передач и т.д.', 'https://kudapostupat.by/speciality/id/75', 3),
(19, 'Автослесарь', 'Автослесарь — это специалист, который занимается ремонтом и техническим обслуживанием автомобиля.', 'https://kudapostupat.by/speciality/id/76', 3),
(20, 'Аудитор', 'Аудитор проверяет бухгалтерскую и налоговую отчетность фирм. Доходы и расходы, сделки и договоры - ничто не ускользнет от его взгляда. Соответствует ли закону проведенные финансовые операции? Кто виноват в допущенных промахах? Выявить бухгалтерские ошибки, дать руководству консультации по их исправлению - его основная обязанность. По сути, он ревизор, но в то же время независимый предприниматель, эксперт.\r\n\r\nМесто работы:\r\n\r\n            Работают аудиторы в многочисленных специализированных аудиторских компаниях или же получают лицензию и занимаются частной практикой.', 'https://kudapostupat.by/speciality/id/95', 4),
(22, 'Бухгалтер', 'В чистом виде профессии бухгалтер нет. На предприятиях бухгалтеры работают по направлениям: касса, основные средства, валютные операции, расчет зарплаты, склад. За ведение всей бухгалтерии отвечает главный бухгалтер. В небольшой фирме один бухгалтер может отвечать за все. Работа бухгалтерии строго контролируется с одной стороны работодателем, с другой указами и постановлениями Минфина и Министерством по налогам и сборам, которые, увы, часто противоречат друг другу. Поэтому нужно разбираться в перипетиях законодательства и уметь общаться к госорганами, например, налоговыми.\r\n\r\nГЛАВНЫЙ БУХГАЛТЕР\r\n\r\nРуководит работниками бухгалтерии, организует бухгалтерский учет хозяйственно-финансовой деятельности, контроль за движением денежных средств и товарно-материальных ценностей, законностью и правильностью оформления документов, правильным и своевременным начислением и перечислением платежей, заработной платы. Предупреждает недостачи, незаконное расходование денежных средств, нарушения финансового и хозяйственного законодательства. Оформляет документы по недостачам и хищениям, передает их в следственные и судебные органы.\r\n\r\nБУХГАЛТЕР-РЕВИЗОР\r\n\r\nПроводит плановые и специальные проверки хозяйственно-финансовой деятельности организаций, находящихся на самостоятельном балансе. Оформляет результаты ревизии, дает указания об устранении выявленных нарушений. Контролирует достоверность учета поступающих денежных средств, товарно-материальных ценностей и основных фондов, своевременное отражение в бухгалтерском учете связанных с их движением операций, соблюдение смет, организацию проведения инвентаризаций.\r\n\r\n БУХГАЛТЕР-ЭКСПЕРТ\r\n\r\nПроводит экспертизу (исследование) учета основных средств, товарно-материальных ценностей, затрат, реализации, расчетов с поставщиками и заказчиками, отражения в бухгалтерской документации движения денежных средств и товарно-материальных ценностей, начисления и перечисления платежей, состояния отчетности. Дает мотивированное заключение.\r\n\r\nМесто работы:\r\n\r\nЭкономический отдел и бухгалтерия — в любом государственном учреждении и частной компании.', 'https://kudapostupat.by/speciality/id/109\r\n', 4),
(24, 'Логист\r\n', '\"Специальность высшего образования I ступени\r\n\r\nЛогистика — умная система хранения и транспортировки товара, главной задачей которой является минимизация расходов, связанных со складированием и перевозкой. На цепочке «производство — потребитель» логистика позволяет экономить до 30% себестоимости товара, поэтому для большинства современных компаний она является одним из стратегических направлений деятельности. При этом на отечественном рынке не самая лучшая ситуация с логистами. С одной стороны, вузы уже несколько лет выпускают специалистов с квалификацией «логист», с другой — для эффективной работы одной только вузовской подготовки не достаточно. Практики со стажем — экспедиторы, кладовщики, складские служащие — на производстве имеются, но в большинстве своем они не являются логистами и ведут один определенный участок работы, тогда как профессиональный логист отвечает за всю цепочку от производственного цеха до стеллажа супермаркета. \r\n\r\nСпециальность \"\"Логистика\"\" появилась в вузах несколько лет назад. Но уже сейчас она является одной из самых популярных среди абитуриентов. Студент специальности \"\"Логистика\"\" получает подготовку по основам производства, транспортировки, торговли, складирования, снабжения и сбыта. Важный компонент профессиональной подготовки — информационные технологии. Помимо информационно-поисковых систем интернета, студенты специальности \"\"Логистика\"\" изучают Microsoft Navision, Microsoft AXAPTA, \"\"1C Предприятие\"\" и др. Также большое внимание уделяется изучению иностранных языков, что необходимо для работы во внешнеторговой или международной компании.\r\n\r\nЛогистика бывает двух типов — внутренняя и внешняя. Специалисты по внутренней логистике занимаются снабжением и обслуживанием производства и сотрудников внутри компании или холдинга, специалисты по внешней логистике отвечают за распространение товаров и услуг предприятия.\r\n\r\nТакже, в зависимости от функционала специалистов, существует несколько направлений логистики – транспортная, сбытовая, закупочная, складская и производственная (последний тип включает в себя в той или иной степени все предыдущие направления).\r\n\r\n\r\nПрофессия логиста хороша разнообразием — здесь нет рутины, все время приходится решать новые задачи. Еще одно достоинство профессии — универсальность, необходимость ориентироваться во всех аспектах работы компании. Именно благодаря этому логист легко может перепрофилироваться в рамках одной фирмы, ему обеспечен карьерный рост и он никогда не останется без работы.\r\n\r\nНачинающие специалисты с малым опытом работы могут претендовать на позиции менеджеров по закупкам или координаторов. Такая работа, несмотря на большую загруженность, оплачиваются не очень щедро, в отличие от труда более опытных коллег в отделах аналитики или переговорных кабинетах крупных компаний.\r\n\r\nЛогист организует доставку товара и его складирование. Разрабатывает выгодную схему поставок в нужное место к нужному времени и с минимальными затратами. Анализирует рынок транспортных услуг, проводит расчеты, ищет надежных партнеров, координирует действия с производителями, с отделом продаж, со складом, готовит документы для таможни.\"\r\n', 'https://kudapostupat.by/speciality/id/185\r\n', 4),
(26, 'Инжинер по радиоэлектронике\r\n', '\"Жизнь современного общества немыслима без радиоэлектронных систем. Они служат для передачи информации или энергии, а также извлечения информации об окружающих объектах и пространстве посредством электромагнитных полей. Радиосистемы являются технической основой многих областей человеческой деятельности: мобильная связь, телевидение (в том числе цифровое), радиолокация, радионавигация, радиоуправление, спутниковая радиосвязь, компьютерные сети (включая Internet), безопасность и другие.\r\n\r\nСфера профессиональной деятельности инженера по радиоэлектронике чрезвычайно широка: от предприятий и их структурных подразделений, занимающихся производством, наладкой и обслуживанием радиоэлектронных систем, осуществлением научных и проектно-конструкторских работ в области радиоэлектронных систем, до прохождения службы на первичных должностях начальника расчета в подразделениях Министерства обороны Республики Беларусь по профилю подготовки.\r\n\r\n Круг задач профессиональной деятельности: эксплуатация и ремонт радиоэлектронной техники, вопросы проектирования и разработки радиоэлектронных систем и комплексов, модернизации приборов и устройств радиоэлектроники на схемотехническом и системотехническом уровнях, моделирование радиоэлектронных устройств и систем с целью оптимизации их параметров, разработка специальных программ компьютерного проектирования радиоэлектронных систем и комплексов.\r\n\r\nМесто работы:\r\n\r\nПредприятия и их структурные подразделения, занимающиеся производством, наладкой и обслуживанием радиоэлектронных систем, осуществлением научных и проектно-конструкторских работ в области радиоэлектронных систем.\"\r\n', 'https://kudapostupat.by/speciality/id/355\r\n', 5),
(27, 'Инжинер-энергетик\r\n', '\"Инженер-энергетик - специалист с высшим техническим образованием в области разработки, производства или эксплуатации систем, предназначенных для теплового или электрического обеспечения.\r\n\r\nВ его должностные обязанности входит:\r\n\r\n Обеспечение бесперебойной подачи энергии и её распределение;\r\n Регулярная проверка, модернизация и ремонт электрических систем и оборудования;\r\n Подготовка расчётов и контроль процесса расхода энергии мастерскими и другими подразделениями предприятия;\r\n Поиск и устранение неполадок;\r\n Разработка процесса осуществления контроля эффективного функционирования и безопасности электрических систем и оборудования.\r\nРазносторонняя подготовка, получаемая выпускниками вузов, позволяет им успешно работать по смежным электрическим специальностям и специализациям на электрических станциях, в том числе атомных, и предприятиях электрических сетей.\r\n\r\nМесто работы:\r\n\r\nПредприятия и организации, входящие в структуру управления Министерства промышленности, Государственного производственного объединения электроэнергетики «Белэнерго», Белорусского государственного концерна по производству химической и нефтехимической продукции, Министерства жилищно-коммунального хозяйства и других министерств, концернов, а также самостоятельные предприятия и организации.\"\r\n', 'https://kudapostupat.by/speciality/id/386\r\n', 5),
(28, 'Радиотехник\r\n', '\"Радиотехник или радиоэлектротехник -- просторечное название профессии. Официальная квалификация, которая присваивается выпускникам колледжей техник. А вот специальностей две: Радиоаппаратостроение и Техническое обслуживание и ремонт радиоэлектронной техники. Несмотря на то, что набор изучаемых дисциплин одинаков, разница между ними существенная радиоаппаратостроение подразумевает прежде всего конструкторскую деятельность и производство, а Техническое обслуживание ремонт радиоэлектронной техники.\r\n\r\nМесто работы:\r\n\r\nМесто найти несложно - услуги радиотехника сегодня нужны на любом среднем или крупном предприятии. Это заводы, производящие различную технику (начиная с бытовой и заканчивая военной), научные исследовательские институты, медицинские учреждения, видео- и аудиосалоны, телеателье. Многие выпускники колледжей идут работать в бурно развивающуюся область сотовой связи, где не хватает специалистов, разбирающихся в радиоэлектронной аппаратуре.\"\r\n', 'https://kudapostupat.by/speciality/id/212\r\n', 5),
(29, 'Электрик (электромонтер)\r\n', '\"Электрик — это специалист, который собирает, налаживает и ремонтирует электрооборудование, электросети и системы.\r\n\r\nКвалификации электрика: на базе вуза -- инженер-электрик, на базе ссуза -- техник-электрик.\r\n\r\nОбязанности электрика зависят от конкретного вида производства.\r\n\r\nНапример, электромонтажник занимается электропроводкой и освещением в жилых домах, устанавливает электромоторы, трансформаторы и другое оборудование в производственных цехах, проводит воздушные и укладывает в землю кабельные линии.\r\n\r\nДоминирующие виды деятельности электрика:\r\n\r\n прокладывание кабелей силового питания, электропроводки;\r\n подключение электрооборудования;\r\n расчет необходимого размера кабелей для силового питания оборудования;\r\n составление плана размещения силового питания и электропроводки;\r\n участие в профилактическом и текущем ремонте электрического оборудования;\r\n осуществление монтажных и других работ при реконструкции и внедрении нового электрического оборудования;\r\n произведение монтажа вторичных цепей (управление, защита, сигнализация, измерение);\r\n прокладка кабелей и проводов в каналах, коробках и лотках;\r\n спрессовывание наконечников и приваривание их к жилам кабелей и проводов;\r\n монтаж соединительных муфт, кабелей и сети заземления;\r\n установка изоляторов, разметка мест установки и установка приборов защиты и управления;\r\n прозванивание смонтированных схем и измерение сопротивления изоляции;\r\n подготовка приборов и аппаратов к включению и наладке;\r\n ремонт и поиск неисправностей при замыкании проводки.\r\nЭта профессия относится к категории особо опасных.\r\n\r\nВсего у электромонтёров выделяется шесть разрядов и пять групп допуска по электробезопасности. Разряды указывают на уровень знаний своей профессии, который определяет, работу какой сложности можно доверить этому специалисту. Немаловажное значение также имеет группа допуска у электромонтёра: она указывает, работу какой степени опасности и ответственности работодатель может поручить работнику такой профессии. В связи с известными рисками, работодатели практически не принимают на работу людей, имеющих разряд или группу допуска ниже третьей.\r\n\r\nСмотрите также  Список белорусских ПТУЗов, готовящих техников-электриков, с указанием областей, где они расположены.\r\n\r\nМесто работы:\r\n\r\nДолжность электрика есть на любом предприятии.\"\r\n', 'https://kudapostupat.by/speciality/id/258\r\n', 5),
(30, 'Техник-технолог\r\n', '\"Специалист квалификации \"\"Техник-технолог\"\" готовится для участия в разработке и производстве радиоэлектронной аппаратуры, оптимизации конструкции и технологии производства радиоэлектронных устройств, выполнения монтажа, регулировки и испытаний аппаратуры различного назначения.\r\n\r\n \r\n\r\nМесто работы:\r\n\r\nПредприятия радиоэлектронного профиля.\"\r\n', 'https://kudapostupat.by/speciality/id/399\r\n', 5),
(31, 'Агроном\r\n', 'Агроном - это специалист сельского хозяйства, обладающий всесторонними знаниями в области агрономии. Он создает новые сорта полевых, садовых, огородных культур, планирует проведение сельскохозяйственных работ с учетом особенностей местности.\r\n', 'https://kudapostupat.by/speciality/id/86\r\n', 6),
(34, 'Фермер\r\n', '\"Фермер — предприниматель в сельском хозяйстве, владеющий землёй или арендующий её, и занимается на ней земледелием, животноводством, птицеводством и т.п.\r\n\r\nФермерское хозяйство -- это коммерческая организация, созданная одним гражданином (членами одной семьи), внесшим (внесшими) имущественные вклады, для осуществления предпринимательской деятельности по производству сельскохозяйственной продукции, а также по ее переработке, хранению, транспортировке и реализации, основанной на его (их) личном трудовом участии и использовании земельного участка, предоставленного для этих целей в соответствии с законодательством об охране и использовании земель.\r\n\r\nМесто работы:\r\n\r\nФермерские хозяйства,  сельское хозяйство.\"\r\n', 'https://kudapostupat.by/speciality/id/344\r\n', 6),
(35, 'Зооинженер (зоотехник)\r\n', '\"Зооинженер — специалист по рациональному содержанию с/х животных.\r\n\r\nДолжностные обязанности:\r\n\r\nОбеспечение рационального содержания с/х животных, ведение племенной работы, отбор животных для стандартизации стада, организация воспроизводства и искусственного осеменения, участие в создании кормовой базы.\r\n\r\nЗооинженер должен знать зоологию, анатомию, физиологию с/х животных, генетику, зоогигиену, ветакушерство, экономику отрасли и предприятия, вопросы охраны труда и окружающей среды.\r\n\r\nПрофессионально важные качества:\r\n\r\nЛюбовь к животным, быстрота реакции, аккуратность, чувство ответственности, организаторские способности, наблюлательность.\r\n\r\nЗоотехник - высококвалифицированный животновод. Обязанность специалиста зоотехнической службы - организовать, направить и проконтролировать работу трудового коллектива молочно-товарной фермы таким путем, чтобы обеспечить высокую продуктивность крупного рогатого скота. Зоотехник решает множество задач: анализ эффективности мероприятий, проводимых на ферме; организация и планирование производства, направленные на улучшение племенной структуры и воспроизводства стада, кормления и условий содержания скота; прогнозирование, на основе данных науки и передового опыта, отдельных результатов проводимых мероприятий; осуществление контроля работы всех служб с точки зрения зоотехники; подбор и расстановка кадров; организация обучения молодых рабочих и совершенствование профессионального мастерства; осуществление связи с вышестоящими, внешними организациями (по вопросам внедрения новых методов работы, претензий к качеству продукции).\r\n\r\n', 'https://kudapostupat.by/speciality/id/269\r\n', 7),
(36, 'Кинооператорство\r\n', 'Специальность высшего образования I ступени\r\n\r\nПо специальности предусмотрены следующие направления:\r\n\r\n01 КИНОТЕЛЕОПЕРАТОРСТВО (КИНООПЕРАТОРСТВО)\r\n\r\n02 КИНОТЕЛЕОПЕРАТОРСТВО (ТЕЛЕОПЕРАТОРСТВО)\r\n\r\nПодготовка специалиста по данной специальности предполагает формирование определенных профессиональных компетенций, включающих знания и умения в области применения конструктивных художественно-творческих методов в работе со съемочной группой (с режиссером, художником, актерами и др. креативными специалистами), а также с техническими службами, обеспечивающими процесс подготовки и проведения съемок; управления учебно-познавательной, научно-исследовательской и другими видами деятельности обучающихся; изучения и исследования эффективности операторских решений с учетом конъюнктуры рынка мировой экранной продукции и сложившихся зрительских симпатий в драматургическом контексте образного восприятия изобразительного решения фильма; управления организацией проведения кино-, теле-, видеосъемок с получением изображения высокого технического качества исходя из идейно-художественной концепции и творческого замысла того или иного экранного произведения в зависимости от жанра и др.\r\n\r\nНаправление специальности \"\"Кинотелеоператорство (кинооператорство)\"\" обеспечивает получение квалификации \"\"Кинооператор\"\", направление специальности \"\"Кинотелеоператорство (телеоператорство)\"\" обеспечивает получение квалификации \"\"Телеоператор\"\".\r\n\r\nОбъектами профессиональной деятельности специалиста являются:\r\n\r\n- кино-, теле-, видео-, мультимедийная экранная продукция;\r\n\r\n- образовательный процесс.\r\n\r\n \r\n\r\n\r\n\r\n \r\n\r\nПосле окончания обучения выпускники вышеназванной специальности могут занимать должности:\r\n\r\n Кинооператор\r\n Кинооператор-постановщик;\r\n Кинооператор комбинированных съемок;\r\n Монтажер;\r\n Телеоператор.\r\n', 'https://kudapostupat.by/speciality/id/19\r\n', 8),
(37, 'Режиссёр\r\n', '\"Режиссёр (фр. régisseur, от лат. rego — управляю) — постановщик спектакля, кинофильма, эстрадно-концертной программы, телевизионных и радио программ, циркового представления, оперы.[1]\r\n\r\nГлавная задача режиссёра — это поставить данный ему сценарий, будь то сценарий кинофильма, эстрадно-концертной программы, телевизионных и радиопрограмм, циркового представления, оперы. От таланта режиссёра зависит успех, например, фильма. Если режиссёр опытный, умный, своеобразно мыслит, то это позволит ему точно передать идею, атмосферу сценария, также он может добавить что-либо своё, так называемый авторский почерк.\r\n\r\nВ авторских фильмах режиссёру абсолютно ничто не мешает снять фильм так, как ему хочется, показать своё видение того или иного действия, проблемы. В коммерческих фильмах за результатом деятельности режиссёра следит продюсер. Тут режиссёр немного ограничен в своей фантазии. Для того чтобы стать режиссёром, человеку требуется умение легко сходиться с людьми, умение идти на компромисс и самое главное, ему требуется творческое, креативное мышление.\r\n\r\nСорежиссёр — равноправный партнёр режиссёра, имеющий такие же задачи, как и режиссёр.\r\n\r\n Заманчиво создать яркую кинокартину или поставить спектакль, который прогремит на весь мир, а потом, стоя в свете прожекторов, получить заслуженного Оскара или сорвать аплодисменты зрительского зала. Но сделать карьеру режиссера по силам единицам. И дело не только в таланте. Эта профессия всегда была штучной. Армия режиссеров никому не нужна ни в кино, ни в театре.\r\n\r\nМесто работы:\r\n\r\nРекламные и киностудии.\"\r\n', 'https://kudapostupat.by/speciality/id/289\r\n', 8),
(38, 'Сценарист\r\n', '\"Сценарий — это произведение, написанное как основа для постановки театрального или кинодейства, проведения массовых мероприятий. Его создатель — сценарист.\r\n\r\n \r\n\r\nМесто работы:\r\n\r\nКино, телевидение, театр, рекламные агентства, компании, занимающиеся проведением праздников и шоу, а также компании-разработчики компьютерных игр.\"\r\n', 'https://kudapostupat.by/speciality/id/233\r\n', 8),
(39, 'Менеджер\r\n', '\"МЕНЕДЖЕР — это специалист, занимающий постоянную управленческую должность и наделенный полномочиями принимать решения по определенным видам деятельности организации, функционирующей в рыночных условиях.\r\n\r\nОснова экономики — предприятия и организации. И везде работают менеджеры разного уровня: высшего, среднего и низшего звена. На них лежит ответственность за состояние фирмы, ее место на рынке.\r\n\r\nМесто работы:\r\n\r\nПредприятия и организации различных сфер деятельности: управления, производства, продажи товаров и услуг, любая компания, работающая на отечественном или международном рынке.\r\n\r\n \"\r\n', 'https://kudapostupat.by/speciality/id/267\r\n', 9),
(40, 'Специалист по управлению\r\n', '\"Общее название большого количества специалистов (офицеров, военнослужащих), работающих в структурных подразделениях Вооруженных сил.\r\n\r\nВоенная служба - вид государственной службы, состоящий в исполнении гражданами воинских обязанностей в составе частей и учреждений Вооруженных сил. Начало процесса накопления военно-исторических знаний уходит в глубокую древность. В настоящее время военное искусство - теория и практика подготовки и ведения военных действий на суше, море и воздухе; важнейшая отрасль военной науки.\r\n\r\nКвалификация, которую получают выпускники военных вузов Беларуси   - СПЕЦИАЛИСТ ПО УПРАВЛЕНИЮ.\r\n\r\nМесто работы:\r\n\r\n военные гарнизоны, части, подразделения и т.д.;\r\n работа в миротворческих войсках, \"\"горячих\"\" точках;\r\n военные организации;\r\n научно-исследовательские институты;\r\n учреждения образования.\"\r\n', 'https://kudapostupat.by/speciality/id/337\r\n', 9),
(41, 'Архитектор\r\n', '\"Архитектор придумывает основную концепцию здания, его облик, увязывает воедино все нюансы. Задача архитектора - спроектировать сооружение, максимально отвечающее потребностям заказчика.\r\n\r\nПодготовка специалиста по данной специальности предполагает формирование определенных профессиональных компетенций, включающих знания и умения по разработке схем комплексной территориальной организации территории страны, областей, групп административных районов, отдельных административных районов, других территорий, выделенных по социально значимым признакам; проектов генеральной и детальной планировки городов, сельских поселений с прилегающими территориями, территорий отдельных административных районов, территорий сельских советов; территорий частей поселений, выделенных по социально значимым признакам; осуществлению авторского надзора за строительством и др.\r\n\r\nСпециальность обеспечивает получение квалификации «Архитектор»\r\n\r\nОбъектами профессиональной деятельности специалиста являются:\r\n\r\n – архитектурно-территориальные объекты: территория страны (в государственных границах республики Беларусь); части территории страны, выделенные по признаку административного подчинения (области, группы административных районов, отдельные административные районы), принадлежности, функционального использования, экологического состояния, народно-хозяйственной, историко-культурной, природно-ландшафтной ценности или по иным социально-значимым признакам;\r\n\r\n– архитектурно-градостроительные объекты: территории городов, сельских поселений с прилегающими территориями, территории отдельных административных районов, территории сельских советов, части территорий поселений, выделенные по социально-значимым признакам;\r\n\r\n– архитектурно-строительные объекты: здания, сооружения, их комплексы жилого, общественного, промышленного, производственного назначения, интерьеры зданий и сооружений;\r\n\r\n – архитектурно-ландшафтные объекты – благоустроенные, озелененные, обводненные, оборудованные земельные участки; объекты транспортной и инженерной инфраструктуры;\r\n\r\n – малые архитектурные формы – предметы оборудования и элементы благоустройства, размещаемые на открытых участках, обеспечивающие возможность и условия выполнения всех видов жизнедеятельности человека;\r\n\r\n– процессы проектирования архитектурно-территориальных, архитектурно-градостроительных, архитектурно-строительных, архитектурно-ландшафтных объектов и малых архитектурных форм.\r\n\r\nВыпускники после окончания обучения могут занимать должность «Архитектор».\r\n\r\nМесто работы:\r\n\r\n            В государственных и частных организациях, бюро, строительных  компаниях.\"\r\n', 'https://kudapostupat.by/speciality/id/94\r\n', 10),
(42, 'Бармен\r\n', '\"Бармен – это человек, который занимается приготовлением и отпуском коктейлей, спиртных или безалкогольных напитков. Он обслуживание посетителей бара, рассчитывается с ними. Также бармен следит за качеством продуктов, несет материальную ответственность и оформляет документы на реализуемую продукцию. Он должен уметь работать на специальном оборудовании; готовить напитки по рецептам; оформлять отчетные финансовые документы; быстро производить расчеты в уме и на калькуляторе.\r\n\r\nМесто работы:\r\n\r\nПредприятия общественного питания: бары, кафе, рестораны, закусочные и т. д.\"\r\n', 'https://kudapostupat.by/speciality/id/374\r\n', 11),
(43, 'Официант\r\n', 'В обязанности официанта входит:\r\n\r\n 1.  Обслуживание потребителей в организациях с простой и средней сложности сервировкой  столов  и несложным ассортиментом блюд по предварительно оплаченным путевкам, чекам, талонам  и  за  наличные  деньги  без оформления и предъявления потребителям счетов или без оформления денег на кассовом  суммирующем  аппарате: диетических столовых  при  санаториях, пансионатах, профилакториях, турбазах  и домах отдыха, ресторанах на экскурсионных судах, вагонах-ресторанах и туристско-экскурсионных поездах, ресторанах,  реализующих скомплектованные рационы питания и др.\r\n\r\n 2.  Прием  предварительных  заказов   на   горячие  блюда  и  обслуживание пассажиров непосредственно в вагонах.\r\n\r\n 3.  Разносная  торговля  в  залах  ресторанов, кафе,  баров  кондитерскими изделиями,  сувенирами, цветами и другими товарами;  в  пассажирских  вагонах  - супами и горячими  вторыми  блюдами,  молочнокислой  продукцией,  кулинарными  и кондитерскими   изделиями,   сувенирами,   дорожными  наборами,  безалкогольными напитками, хлебобулочными изделиями.\r\n\r\n 4. Накрытие и предварительная сервировка столов.\r\n\r\n 5. Замена скатертей и салфеток по мере их загрязнения.\r\n\r\n 6. Уборка столов.\r\n\r\n 7. Сбор использованной посуды, приборов,  столового  белья; сдача наличных денег, чеков, талонов, нереализованной продукции и товаров.\r\n\r\nМесто работы:\r\n\r\nКафе, рестораны, пиццерии, иные предприятия общественного питания.', 'https://kudapostupat.by/speciality/id/348', 11),
(44, 'Акушер\r\n', '\"Слово \"\"акушер\"\" происходит от французского «accoucheur», что в дословном переводе означает \"\"тот, кто стоит у ложа\"\", а в более привычном значении — помощница при родах.\r\n\r\nЗабота акушера — здоровье женщины и ее будущего потомства.\"\r\n', 'https://kudapostupat.by/speciality/id/92\r\n', 12),
(45, 'Врач\r\n', 'В сфере обязанностей врача — установление (подтверждение) диагноза на основании клинических наблюдений, обследования, сбора анамнеза, данных клинико-лабораторных и инструментальных исследований; оказание медицинской помощи с использованием методов диагностики, лечения и реабилитации; руководство работой младшего медицинского звена; просветительская работа в области здравоохранения.\r\n', 'https://kudapostupat.by/speciality/id/118\r\n', 12),
(46, 'Декоратор (дизайнер)\r\n', '\"Декоратор — специалист по убранству, украшению зданий, помещений. Художник, занимающийся художественным оформлением театральных постановок, съемок, представлений средствами живописи, графики, архитектуры, освещения и постановочной техники.\r\n\r\nСегодня более опулярным стало другое название этого вида деятельности - \"\"дизайнер\"\".\r\n\r\nВ переводе с английского слово «дизайн» - это рисунок, проект, план. Под этим словом скрывается проектно-художественная деятельность, проявляющаяся в разных сферах нашей жизни. Другими словами, дизайн – это создание чего-то нужного, важного, экономичного и обязательно красивого\r\n\r\nСоответственно, декоратором - дизайнером является тот человек, который руководит всем процессом и воплощает в реальность самые смелые идеи. Стоит обратить внимание, что как таковой единой профессии дизайнера не существует. Причиной тому невозможность охватить одновременно большое количество сфер. Именно поэтому в ходе развития самой профессии появились ее разновидности, среди которых наиболее популярны следующие:\r\n\r\n дизайнер полиграфии – верстает, например, газеты, создает макеты;\r\n ландшафтный дизайнер – облагораживает территории, например, участок вокруг загородного дома, аллеи города и т.д.;\r\n дизайнер одежды – создает новые модели одежды, исходя из последних модных тенденций;\r\n фитодизайнер – озеленяет дома, офисы;\r\n веб-дизайнер – создает сайты, баннеры, логотипы и т.д.;\r\n фуд дизайнер – создает красивые изображения, работает над меню кулинарных книг и т.д.;\r\n дизайнер интерьеров – благоустраивает квартиры, дома, офисы.\r\n \r\n\r\nРабота дизайнера, впрочем, как и любая другая, имеет свои плюсы и минусы.\r\n\r\nК плюсам можно отнести достаточно высокую заработную плату, возможность работать не только в офисе, но и в домашних условиях. Плюсом является и простота работы, так как практически всю ее можно контролировать на компьютере посредством специальных программ. Плюсом является также и само удовольствие, которое получается каждый дизайнер от своей работы.\r\n\r\nК минусам профессии можно отнести специфичность работы. Ни один дизайнер не может застраховать себя от творческих кризисов, нежелания что-либо делать. Минус – ненормированный график работы. Иногда заказ может растянуться на месяц, а иногда выполнить объем работы нужно всего лишь в течение нескольких дней.\"\r\n', 'https://kudapostupat.by/speciality/id/129\r\n', 13),
(47, 'Изготовитель художественных изделий\r\n', '\"Изготовитель художественных изделий  выполняет из различного материала (бересты, дерева, металла, камня, янтаря и т.д.) изделие в соответствии с эскизом, чертежом. Многообразие используемых при изготовлении изделий художественно-технических процессов, таких как гончарство, ткачество, художественная резьба, декоративная роспись, ковка, художественное литье, гравирование, чеканка и т.д. способствовало возникновению отдельных специальностей, тарифицируемых по 3-6 разрядам сложности.\r\n\r\n Изготовитель художественных изделий из дерева - по собственным композициям производит сувениры, декоративные панно, предметы мебели и др. Подбирает древесину с учетом текстуры, рисунка. При обработке поверхностей применяет различные виды резьбы, фанеровку, шлифовку, полировку, тонировку красителями. Работает, как правило, за верстаком.\r\n Изготовитель художественных изделий из бересты - создает композиции из бересты, украшает изделия резьбой, тиснением, переплетениями. В работе использует вспомогательные материалы - фанеру, дерево, соломку.\r\n Изготовитель художественных изделий из металла - создает сувенирные, декоративные и ювелирные изделия из цветных металлов. Металлы обрабатывает термическим способом, применяет низко- и высокотемпературную пайку, распайку и припайку, травление кислотами, гальваническое покрытие, эмалирование изделий и т.д. При помощи ручных и электрофицированных инструментов осуществляет чеканку, гравирование, полировку изделий, инкрустирует металл деревом, пластмассой, драгоценными и полудрагоценными камнями, проводит монтаж изделий с помощью простой клепки, штифтов, резьбовых соединений.\r\n Изготовитель художественных изделий из керамики - по эскизам и самостоятельным рисункам создает различные по форме и отделке керамические изделия, украшает их подглазурной и надглазурной росписью, покрывает глазурью, обжигает в специальных печах, контролирует режим термообработки, лепит скульптурные изделия.\r\n Изготовитель художественных изделий из кожи - подбирает и раскраивает кожу, выравнивает ее по толщине, наносит рисунок или орнамент, составляет орнаментальные композиции по собственным эскизам с применением плотного тиснения или резьбы.\r\n Изготовитель художественных изделий из янтаря - вручную или на камнерезных станках производит подгонку, калибовку янтаря, приближая заготовку к формам будущего изделия; проводит закаливание, распиловку, шлифовку янтаря, химическую обработку металлических частей изделия, соединяет их с помощью пайки и т.д.\r\n \r\n\r\n\r\n\r\n \r\n\r\n Место работы:\r\n\r\nИзготовитель художественных изделий  работает на художественно-оформительских комбинатах, фабриках художественных изделий, в артелях и кооперативах, специализирующихся на производстве предметов народных промыслов.\"\r\n', 'https://kudapostupat.by/speciality/id/351\r\n', 13),
(48, 'Искусствовед\r\n', '\" Одна сторона деятельности искусствоведов - торговля антиквариатом, другая - изучение развития мирового искусства. В какой бы сфере ни работал искусствовед, это всегда эксперт, аналитик, эрудит, с головой погруженный в изучаемую эпоху.\r\n\r\nСмотреть также в словаре: ИСКУССТВОВЕДЕНИЕ.\r\n\r\nМесто работы:\r\n\r\nУчебные заведения, аукционные дома, музеи, художественные галереи и др.\"\r\n', 'https://kudapostupat.by/speciality/id/150\r\n', 13),
(49, 'Скульптор\r\n', '\"Скульптор — это специалист, который создает объемные художественные произведения из дерева, металла, гипса и т.д. Основные способы: резьба, высекание, лепка, литье.\r\n\r\nМесто работы:\r\n\r\nРеставрационные мастерские, художественные галереи, выставочные залы и др.\"\r\n', 'https://kudapostupat.by/speciality/id/227\r\n', 13),
(50, 'Художник\r\n', '\"Худо́жник — общее название квалификации специалиста, профессионально занимающегося изобразительным и неизобразительным. искусством:\r\n\r\nГрафика\r\n\r\nХудожник-график; художник-иллюстратор\r\n\r\nХудожник-график (станковая графика)\r\n\r\nХудожник-график (искусство книги)\r\n\r\nХудожник-график (искусство графики и плаката)\r\n\r\nХудожник-график (оформление печатной продукции)\r\n\r\nХудожник-карикатурист (оформление СМИ, книг)\r\n\r\nХудожник-геральдист (искусство герба)\r\n\r\nДекоративно-прикладное искусство\r\n\r\nХудожник-мастер\r\n\r\nХудожник-миниатюрист (художественные лаки)\r\n\r\nХудожник декоративно-прикладного искусства (художественный металл)\r\n\r\nХудожник декоративно-прикладного искусства (художественная керамика)\r\n\r\nХудожник декоративно-прикладного искусства (художественное стекло)\r\n\r\nМикроминиатюра\r\n\r\nХудожник-микроминиатюрист\r\n\r\nЖивопись\r\n\r\nХудожник-живописец — человек, создающий произведения искусства при помощи красок\r\n\r\nХудожник-живописец (станковая живопись)\r\n\r\nХудожник-живописец (монументальная живопись)\r\n\r\nХудожник живописец (театрально-декорационная живопись)\r\n\r\nХудожник-живописец (церковно-историческая живопись)\r\n\r\nКинематограф\r\n\r\nХудожник кино и телевидения (Художник-постановщик)\r\n\r\nхудожник комбинированных съемок\r\n\r\nХудожник кино и телевидения по костюму (Художник по костюму)\r\n\r\nХудожник кино и телевидения по гриму (Художник по гриму)\r\n\r\nХудожник-мультипликатор\r\n\r\nХудожник анимации и компьютерной графики\r\n\r\nХудожник мультипликационного фильма\r\n\r\nГраффити\r\n\r\nФотоискусство\r\n\r\nФотохудожник\r\n\r\nИскусство интерьера\r\n\r\nХудожник-проектировщик\r\n\r\nХудожник-проектировщик (художественное проектирование интерьера)\r\n\r\nХудожник проектировщик (художественное проектирование мебели)\r\n\r\nХудожник-проектировщик (художественный текстиль)\r\n\r\nХудожник миниатюрной живописи\r\n\r\nХудожник-гравер\r\n\r\nХудожник-карикатурист\r\n\r\nСценография\r\n\r\nХудожник-постановщик\r\n\r\nХудожник-постановщик театра\r\n\r\nХудожник-постановщик театра кукол\r\n\r\nХудожник по сценическому костюму\r\n\r\nТехнология художественного оформления спектакля\r\n\r\nХудожник-технолог\r\n\r\nХудожник-технолог сцены\r\n\r\nХудожник-технолог театра кукол\r\n\r\nХудожник-технолог по сценическому костюму\r\n\r\nРеставрация, консервация и хранение произведений искусства\r\n\r\nХудожник-реставратор\r\n\r\nХудожник-реставратор (станковая масляная живопись)\r\n\r\nХудожник-реставратор (темперная живопись)\r\n\r\nХудожник-реставратор (монументально-декоративная живопись)\r\n\r\nХудожественное проектирование\r\n\r\nХудожник-стилист\r\n\r\nХудожник-технолог\r\n\r\nХудожник-модельер.\r\n\r\nПрофессиональный уровень подготовки художников позволяет им успешно осуществлять как преподавательскую и культурно-просветительскую деятельность, так и творческую, связанную с созданием произведений станковой живописи и графики.\r\n\r\nВ процессе обучения студенты овладевают навыками углубленного изучения и профессионального изображения натуры средствами рисунка и живописи, изучают опыт классического художественного наследия и современной художественной практики, приобретают опыт решения творческих задач, связанных с созданием произведений живописи, учатся собирать и анализировать подготовительный материал, литературные и исторические источники.\r\n\r\nСмотреть также в словаре: ГРАФИКА.\r\n\r\nМесто работы:\r\n\r\nХудожественные студии,  галереи, выставки, выставочные комплексы, учреждения образования, музеи, НИИ.\"\r\n', 'https://kudapostupat.by/speciality/id/358\r\n', 13),
(51, 'Историк\r\n', '\"История (др.-греч. ἱστορία — расспрашивание, исследование) — гуманитарная наука, занимающаяся изучением человека (его деятельности, состояния, мировоззрения, социальных связей и организаций и т. д.) в прошлом; в более узком смысле — наука, изучающая всевозможные источники о прошлом для того, чтобы установить последовательность событий, исторический процесс, объективность описанных фактов и сделать выводы о причинах событий\r\n\r\nИсторик — учёный, изучающий историю, исторический процесс, литературу и культуру.\r\n\r\nПрофессиональные историки работают в университетах, в академических центрах и музеях, школах и других учреждениях среднего общего образования.\r\n\r\nИсторик изучает прошлое человечества во всем его многообразии, используя знания о всевозможных исторических фактах и процессах, воссоздает картину жизни государства, народов и отдельных людей в разные времена. Устанавливает закономерности развития общества и выявляет причинно-следственные связи между произошедшими событиями.\r\n\r\nМесто работы:\r\n\r\n научно-исследовательские институты;\r\n государственные архивы;\r\n библиотеки;\r\n музеи;\r\n образовательные учреждения (школы, колледжи, вузы).\"\r\n', 'https://kudapostupat.by/speciality/id/341\r\n', 14),
(52, 'Тренер\r\n', '\"Тренер (англ. trainer, от train — воспитывать, обучать) — человек, профессионально занимающийся тренировкой спортсменов, менеджеров и т.д. Осуществляет учебно-тренировочную работу, направленную на воспитание, обучение и совершенствование мастерства, развитие функциональных возможностей своих подопечных.\r\n\r\nДолжностные обязанности:\r\n\r\n1. Осуществляет набор в спортивную школу, секцию, группу спортивной и оздоровительной направленности детей и подростков, желающих заниматься физической культурой и спортом и не имеющих медицинских противопоказаний. 2. Проводит учебно-тренировочную и воспитательную работу.\r\n\r\n 3. Использует разнообразные приемы, методы и средства обучения.\r\n\r\n 4. Проводит отбор и спортивную ориентацию наиболее перспективных для дальнейшего спортивного совершенствования обучающихся.\r\n\r\n 5. Обеспечивает повышение уровня физической, теоретической, морально-волевой, технической и спортивной подготовки занимающихся, укрепление и охрану их здоровья в процессе занятий, безопасность учебно-тренировочного процесса.\r\n\r\n 6. Содействует исключению случаев применения обучающимися различных видов допингов.\r\n\r\n 7. Разрабатывает годовые и текущие планы подготовки.\r\n\r\n 8. Ведет систематический учет, анализ, обобщение результатов работы.\r\n\r\n 9. Использует в своей работе наиболее эффективные методы спортивной подготовки обучающихся и их оздоровления.\r\n\r\nМесто работы:\r\n\r\nСпортивные клубы, школы, секции, ссузы, вузы.\"\r\n', 'https://kudapostupat.by/speciality/id/350\r\n', 14),
(53, 'Учитель начальных классов\r\n', '\"Особенность специальности  НАЧАЛЬНОЕ ОБРАЗОВАНИЕ - разносторонняя подготовка учителей, работающих с самыми маленькими школьниками, так как в начальных классах все предметы преподает один педагог. \r\n\r\nБольшое место в учебном плане подготовки педагогов начальных классов в вузах и ссузах занимают различные методики преподавания математики, русского языка, природоведения и т.д., а также основы физиологии и гигиены.\r\n\r\nМесто работы:\r\n\r\nУчреждения образования, школы.\"\r\n', 'https://kudapostupat.by/speciality/id/32\r\n', 14);
INSERT INTO `fy_professions` (`fy_prog_id`, `fy_prog_name`, `fy_prog_desc`, `fy_prog_parselink`, `fy_prog_type`) VALUES
(54, 'Социальный педагог\r\n', '\"Профессиональная деятельность социального педагога обширна и многозадачна. С одной стороны,  он выполняет функцию психолога, работающего с детьми, имеющими психические, умственные и серьезные психологические нарушения в развитии. На его плечи также возложены обязанности консультировать родителей, воспитывающих таких детей, их учителей, одноклассников. С другой стороны,  социальный педагог должен следить за соблюдением прав ребенка, как в семье, так и вне семьи(в школах, детских садах и др.) То есть  разрешать проблемные ситуации, когда права несовершеннолетних каким-либо образом нарушаются. Кроме того, социальный педагог имеет право инициировать возбуждение судебных дел по лишению недобросоветных и неблагополучных родителей родительских прав.\r\n\r\nСмотреть также в словаре: СОЦИАЛЬНАЯ РАБОТА.\r\n\r\nМесто работы:\r\n\r\n соответствующие подразделения организаций по социальной защите населения;\r\n детские сады;\r\n школы;\r\n детские прюты,\r\n детские внешкольные учреждения, \r\n вузы, ссузы, ПТУЗы;\r\n учреждения социального обеспечения.\"\r\n', 'https://kudapostupat.by/speciality/id/345\r\n', 14),
(55, 'Биохимик-микробиолог\r\n', '\"В сфере деятельности — изучение функционирования и структуры естественных органических соединений, их роли в жизнеобеспечении клетки и организма, создание методических предпосылок для медицинской диагностики и терапии, изучение биологии, строения и функционирования микроорганизмов, их роли и значения в природе и жизни и здоровье человека и животных, возможностей их использования в промышленности (например, пищевой и медицинской).\r\n\r\nМесто работы:\r\n\r\nНаучно-исследовательские институты и лаборатории, занимающиеся проблемами технической и промышленной биологии, витаминологии, биохимии гормонов, энзимологии, эволюционно и сравнительной биохимии, гистохимии и цитохимии, биоорганической химии, молекулярной биологии и молекулярной генетики.\r\n\r\nСмотреть также в словаре: БИОТЕХНОЛОГИЯ, ВИРУСОЛОГ, ВИРУСОЛОГИЯ/ВИРУСОЛОГ, БИОИНЖЕНЕР.\r\n\r\n \"\r\n', 'https://kudapostupat.by/speciality/id/103\r\n', 15),
(56, 'Инжинер по метрологии\r\n', '\"Инженер по метрологии выполняет работу по метрологическому обеспечению разработки, производства, испытаний и эксплуатации выпускаемой предприятием продукции, направленную на повышение ее качества.\r\n\r\nМетрология — наука об измерениях физических величин, методах и средствах обеспечения их единства и способах достижения требуемой точности.\r\n\r\nИнженер по метрологии:\r\n\r\nУчаствует во внедрении государственных и отраслевых стандартов, стандартов предприятия и других нормативных документов, регламентирующих точность измерений.\r\n\r\nПроводит расчеты экономической эффективности внедрения новых методов и средств измерений.\r\n\r\nОпределяет потребности подразделений предприятия в средствах измерений, составляет сводные заявки на их приобретение.\r\n\r\nОсуществляет обязательный контроль за состоянием и правильностью монтажа, установки и применения средств измерений, техническую приемку вновь поступающих на предприятие измерительных средств.\r\n\r\nИзучает передовой отечественный и зарубежный опыт метрологического обеспечения производства.\r\n\r\nУчаствует в разработке и согласовании стандартов и других нормативных документов по вопросам метрологии.\r\n\r\nСоставляет отчеты о выполнении планов метрологического обеспечения производства. И пр.\"\r\n', 'https://kudapostupat.by/speciality/id/306\r\n', 15),
(57, 'Инжинер конструктор\r\n', '\" Инженер-конструктор проектирует технику и оборудование. Будни конструктора составляют разработка технологических схем, расчеты и чертежи узловых элементов и деталей механизмов, подготовка технических заданий для производства, авторский надзор за изготовлением и испытаниями. В небольших организациях в обязанность инженера-конструктора входит еще согласование проектов с инспектирующими организациями и даже поиск заказчиков.\r\n\r\nМесто работы:\r\n\r\nГосударственные научно-исследовательские институты и конструкторские бюро, отечественные компании, сумевшие выйти на рынок со своей продукцией, частные конструкторские бюро, фирмы, занимающиеся производством мягкой мебели, монтажом окон ПВХ, установкой решеток, заборов, ворот, наружной рекламы и т.д.\"\r\n', 'https://kudapostupat.by/speciality/id/146\r\n', 15),
(58, 'Инженер-технолог\r\n', '\"Должность инженера-технолога является одной из основных на любом предприятии. Необходимость инженера-технолога заключается в том, что он разрабатывает и внедряет технологические процессы и режимы производства на выпускаемую предприятием продукцию. От современной и прогрессивной технологии зависит эффективность производства и качество выпускаемой продукции на любом предприятии. Основной задачей инженера-технолога является разработка и внедрение на предприятии технологических процессов, обеспечивающих выпуск современной и качественной продукции и экономическую эффективность предприятия.\r\n\r\nСмотреть также в словаре: ТЕХНОЛОГ. \r\n\r\nМесто работы:\r\n\r\nИнженер-технолог может найти свое применение на заводах, фабриках, комбинатах и т.д. Инженер-технолог при необходимости может работать по таким родственным специальностям, как инженер по качеству, инженер по механизации и автоматизации производственных процессов.\"\r\n', 'https://kudapostupat.by/speciality/id/147\r\n', 15),
(59, 'Картограф\r\n', '\" На основе съемочных материалов, обмерных, графических, фотографических, цифровых и текстовых данных картограф составляет цветные и черно-белые карты различного назначения и масштаба. Специализируется на создании геологических, географических, зоологических, климатологических, исторических, этнографических, экономических, исторических, военных и других карт. Иногда занимается исключительно картодиаграммами, картосхемами или картографическими проекциями. Ученые-картографы создают новые методы и способы составления карт, разрабатывают современные технологические приемы сбора и анализа картографических сведений.\r\n\r\nМесто работы:\r\n\r\nНаучно-исследовательские, проектные и издательские учреждения картографического профиля.\"\r\n', 'https://kudapostupat.by/speciality/id/158\r\n', 15),
(60, 'Математик\r\n', '\"Математик разрабатывает системы математического обеспечения решения научно-технических и производственных задач. Изучает и анализирует информацию по решаемой задаче, формулирует ее сущность, дает математическое описание. Осуществляет приведение задачи к математической форме. Разрабатывает технические условия и задания на программу и подпрограммы, входящие в состав общей программы. На основе математического анализа определяет возможность и методы решения задачи наиболее рациональным способом. Составляет алгоритм задачи и отдельных ее этапов, логическую схему программы. Осуществляет разработку математической модели и выбор численного метода решения задачи. Определяет возможность использования готовых алгоритмов решения задач, разработанных другими организациями. Выполняет работы по унификации вычислительных процессов. Принимает участие в проектных работах по расширению области применения вычислительной техники, а также по совершенствованию методов математического обеспечения решения задач.\r\n\r\nМесто работы:\r\n\r\nВыпускники специальности \"\"Математика (научно-педагогическая деятельность)\"\" работают в школах учителями математики и информатики, а также преподавателями в высших и средних специальных учебных заведениях.\r\n\r\n Выпускники специальности \"\"Математика (информационные технологии)\"\" могут работать математиком, программистом, администратором сервера, администратором сетей, администратором баз данных.\"\r\n', 'https://kudapostupat.by/speciality/id/349\r\n', 15),
(61, 'Социолог\r\n', '\"Социоло́гия  — это наука об обществе и системах, составляющих его, закономерностях его функционирования и развития, социальных институтах, отношениях и общностях.\r\n\r\nСоциологи занимаются маркетинговыми исследованиями в торговых фирмах, исследуют мнение электората на предвыборных кампаниях, просчитывают эффективность проведения рекламных кампаний, составляют рейтинги для СМИ. И называться они могут  маркетологами, аналитиками, политтехнологами.\r\n\r\nСобственно социологами работают единицы - это ученые, которые с помощью опросов населения и математической обработки данных выясняют, что реально происходит в обществе, раскрывают причины негативных явлений и дают рекомендации по улучшению ситуации.\r\n\r\nМесто работы:\r\n\r\nВ аналитических, социологических центрах и консалтинговых компаниях, в государственных органах власти, в кадровых службах, в маркетинговых отделах предприятий, СМИ и издательском бизнесе.       .\"\r\n', 'https://kudapostupat.by/speciality/id/229\r\n', 15),
(62, 'Специалист по социальным коммуникациям\r\n', '\"Специалисты по социальным коммуникациям получат подготовку, необходимую для решения следующих производственных задач:\r\n\r\n производство информации об организации или предприятии и его продукте с целью позиционирования и продвижения;\r\n информационное обеспечение управленческих решений и оценка их последствий: сбор, обработка, накопление, актуализация, представление, анализ и интерпретация информации, в том числе посредством проведения маркетинговых, организационных, медийных и других исследований;\r\n планирование, разработка и реализация коммуникационной политики предприятий и организаций: стратегий, кампаний, акций, мероприятий по продвижению, позиционированию и перепозиционированию производимых ими товаров и услуг; оценка результатов коммуникационных кампаний и мероприятий;\r\n распространение информации с использованием современных информационных и коммуникационных технологий в интересах работодателя (предприятия, организации);\r\n разработка, реализация и оптимизация информационных ресурсов и потоков на предприятиях и в организациях;\r\n обучение и повышение квалификации персонала организаций и предприятий.\r\nМесто работы:\r\n\r\n в организациях и учреждениях всех форм собственности, нуждающиеся в информационной, консультативной и экспертной поддержке по тематике управления социальными проектами и программами;\r\n в социальных организациях (детские сады, школы, гимназии, лицеи, колледжи, школы-интернаты, территориальные центры социального обслуживания населения, внешкольные учреждения, культурно-досуговые учреждения, детские и молодежные объединения, социальные службы помощи, общественные организации и объединения);\r\n в ведомствах и министерствах, государственных и негосударственных организациях и учреждениях, медицинских и психологических учреждениях, учреждениях образования и социальной защиты, на базе которых осуществляется реализация проектов и программ.\"\r\n', 'https://kudapostupat.by/speciality/id/390\r\n', 15),
(63, 'Физика\r\n', '\"Специальность высшего образования I ступени\r\n\r\n \r\n\r\nПо специальности предусмотрены следующие направления:\r\n\r\n01 ФИЗИКА (НАУЧНО-ИССЛЕДОВАТЕЛЬСКАЯ ДЕЯТЕЛЬНОСТЬ)\r\n\r\n02 ФИЗИКА (ПРОИЗВОДСТВЕННАЯ ДЕЯТЕЛЬНОСТЬ)\r\n\r\n03 ФИЗИКА (НАУЧНО-ПЕДАГОГИЧЕСКАЯ ДЕЯТЕЛЬНОСТЬ)\r\n\r\n04 ФИЗИКА (УПРАВЛЕНЧЕСКАЯ ДЕЯТЕЛЬНОСТЬ)\r\n\r\n \r\n\r\nФизика - одна из основных областей естествознания, наука о свойствах и строении материи, о формах ее движения и изменения, об общих закономерностях явлений природы.\r\n\r\nПодготовка специалиста по данной специальности предполагает формирование определенных профессиональных компетенций, включающих знания и умения по изучению, теоретическому анализу физических эффектов и явлений, установлению новых физических закономерностей на основе современных теоретических представлений, математических и компьютерных методов; разработке на основе физических принципов новых материалов, технологий и приборов; разработке эффективных физико-математических методов решения задач техники, экономики и управления; созданию и использованию математических моделей физических процессов и объектов; программно-информационному обеспечению проектно-конструкторской и эксплуатационно-управленческой деятельности; планированию и организации научно-производственной, опытно-конструкторской и научно-педагогической работы; изучению и анализу образовательных систем, использованию в образовательном процессе инноваций; разработке учебного оборудования и научно-методических материалов для образовательного процесса и др.\r\n\r\nНаправление специальности 01 \"\"Физика (научно-исследовательская деятельность)\"\" обеспечивает получение квалификации \"\"Физик. Исследователь\"\", направление специальности 02 \"\"Физика (производственная деятельность)\"\" обеспечивает получение квалификации \"\"Физик. Инженер\"\", направление специальности 03 \"\"Физика (научно-педагогическая деятельность)\"\" обеспечивает получение квалификации \"\"Физик. Преподаватель физики и информатики\"\", направление специальности 04 \"\"Физика (управленческая деятельность)\"\" обеспечивает получение квалификации \"\"Физик. Менеджер\"\".\r\n\r\nОбъектами профессиональной деятельности специалиста являются: физические законы, гипотезы, теоремы; математические модели и методы исследования физических объектов и процессов; измерительное и технологическое оборудование; технологические и измерительные комплексы и системы автоматизации, используемые в физическом эксперименте, производстве материалов и приборов; образовательные системы, педагогические процессы, научно-методическое обеспечение дисциплин физико-математического профиля.\r\n\r\nПосле окончания обучения выпускники вышеназванной специальности первоначально могут занимать должность «Стажер младшего научного сотрудника».\r\n\r\nДополнительно выпускники направления специальности 02 «Физика (производственная деятельность)» могут занимать должность «Инженер», выпускники направления специальности 03 «Физика (научно-педагогическая деятельность)» могут занимать должность «Преподаватель-стажер».\"\r\n', 'https://kudapostupat.by/speciality/id/352\r\n', 15),
(64, 'Лингвист\r\n', 'Лингвист — специалист, который изучает язык, его структуру и характерные особенности.\r\n', 'https://kudapostupat.by/speciality/id/181\r\n', 16),
(65, 'Переводчик\r\n', '\"Переводчик – профессия, которая с давних времён была очень престижной и востребованной. Упоминания о самых первых представителях этой специальности восходят к Древнему Египту. Уже тогда переводчики являлись его почётными жителями. Их услуги особенно были востребованы в Древней Греции, которая тесно контактировала с государствами Востока. Если бы не их знание языков, то, возможно, некоторые книги Библии не дошли до нашего времени. Ведь почти весь Ветхий завет сохранился исключительно в греческом переводе. В Древней Руси переводами занимались монахи-толмачи, которых считали довольно образованными людьми.\r\n\r\nСейчас спрос на услуги переводчиков достаточно велик, а владение иностранным языком – залог стремительного карьерного роста и высокой зарплаты.\r\n\r\nПоэтому все большее количество родителей стараются обучать иностранному языку (чаще всего - английскому) своих детей как можно раньше. В наши дни количество всевозможных курсов и школ, преподающих английский язык для начинающих (voxmate), стремительно увеличивается.\r\n\r\n \r\n\r\nИтак, вернемся к современности.\r\n\r\nСегодня профессия переводчика признана одной из самых престижных и востребованных. Главное для специалиста — качественно и полно передать мысли человека, говорящего на другом языке. И самым востребованным специалистом считается переводчик-универсал.\r\n\r\n \r\n\r\nПереводчик может выбрать практически любую сферу деятельности: делать англоязычные версии сайтов, работать в СМИ, собирая информацию \"\"под заказ\"\" из зарубежных источников, сопровождать политиков и бизнесменов в поездки за границу, исполнять обязанности турменеджера, бронируя билеты и путевки.\r\n\r\nМесто работы:\r\n\r\nПереводческие бюро, вузы, ссузы, редакции, коммерческие структуры различного направления, консульства, представительства иностранных фирм.\r\n\r\nВ целом сейчас много областей, где переводчик может себя реализовать: это сфера рекламы, и журналистика, и PR, и туристический бизнес, ну и, конечно же, бюро переводов. Также высокий спрос на услуги этих специалистов наблюдается в крупных издательствах. И это неудивительно, ведь за 4-5 лет учёбы, помимо лингвистического, переводчик получает и филологическое образование.\"\r\n', 'https://kudapostupat.by/speciality/id/207\r\n', 16),
(66, 'Винодел\r\n', '\"По классификатору профессий винодел - это технолог виноделия и бродильных производств, работает на винодельческих заводах, следит за соблюдением рецептур и температурным режимом в помещении, за конвейерами по розливу вина.\r\n\r\nМесто работы:\r\n\r\nЗаводы по производству вин и коньяков. Винодел также может заняться научной деятельностью или сотрудничать с организациями, контролирующими качество алкогольной продукции.\"\r\n', 'https://kudapostupat.by/speciality/id/115\r\n', 17),
(67, 'Кондитер\r\n', '\"Профессия профессионально-технического образования (ПТО)\r\n\r\nЗначительную часть работы Кондитер выполняет руками.\r\n\r\nЗачастую это касается изготовления декоративных элементов блюд и украшения изделий: тортов, пирожных и т.д.\r\n\r\nСпециалист по сладостям представляет собой мастера с универсальными навыками.\r\n\r\nЧтобы как следует овладеть тонкостями кондитерского ремесла, следует обладать следующими качествами:\r\n\r\n развитым обонянием и тонкими вкусовыми ощущениями;\r\n отличной памятью, которая пригодится для запоминания ингредиентов и рецептов;\r\n развитым воображением;\r\n ловкостью рук и умением быстро переключаться между разными видами работы, т.к. многие процессы и операции приходится выполнять одновременно;\r\n физической выносливостью.\r\nМесто работы:\r\n\r\nКондитер может работать в штате хлебокомбината, заведений общественного питания (кафе, ресторанах, столовых), а также в оздоровительных лагерях или в санаториях. Кроме того, все без исключения образовательные учреждения содержат в штате кондитеров. Будучи мастером кондитерского производства, данный специалист может устроиться на заготовочную фабрику или комбинат полуфабрикатов. \"\r\n', 'https://kudapostupat.by/speciality/id/168\r\n', 17),
(68, 'Кулинар мучных изделий\r\n', '\"Профессия профессионально-технического образования (ПТО)\r\n\r\nВ обязанности Кулинара мучных изделий входит:\r\n\r\n изготовление кулинарных мучных изделий;\r\n приготовление опары, начинок, фарша вручную и на машинах, различных видов теста в соответствии с установленной рецептурой;\r\n замес, вымешивание, проминка, сдабривание теста и раскатка его до определенной толщины;\r\n определение готовности теста к разделке и выпечке;\r\n придание мучным изделиям установленной формы;\r\n обжарка фарша;\r\n посадка тестовых заготовок в печь;\r\n выпечка или обжарка мучных изделий в различных печах;\r\n регулирование температуры выпечки и обжарки по показаниям контрольно-измерительных приборов;\r\n определение момента окончания выпечки мучных изделий.\r\nКулинару мучных изделий необходимо знать и уметь:\r\n\r\n рецептуру приготовления теста и начинок;\r\n сорта муки;\r\n требования, предъявляемые к качеству сырья и готовой продукции, нормы расхода сырья;\r\n технологию изготовления кулинарных мучных изделий;\r\n устройство обслуживаемого оборудования.\"\r\n', 'https://kudapostupat.by/speciality/id/779\r\n', 17),
(69, 'Повар\r\n', '\"Повар готовит супы, вторые блюда, компоты и другую пищу. Знает, как правильно хранить продукты, помнит рецепты приготовления разных блюд и умеет красиво оформлять блюда. Организует хранение продуктов в соответствии с санитарно-гигиеническими нормами. Несмотря на то, что повар на предприятиях общественного питания пользуется установленными рецептами блюд, он может вносить в них изменения в зависимости от качества сырья и контингента потребителей. Работает в помещении, в условиях повышенной температуры.\r\n\r\nВ зависимости от разряда (3-6) повар должен уметь готовить блюда и кулинарные изделия, требующие простой кулинарной обработки (картофеля и других овощей, каш, бобовых, макаронных изделий, яиц,  изделий из котлетной массы (овощной, рыбной, мясной), блинов, оладий, блинчиков); так и сложные в приготовлении блюда (поросенок заливной или фаршированный; паштет из печени; кнели рыбные в желе; рыба заливная фаршированная; мясо, субпродукты, фрикадельки из телятины заливные в вегетарианском желе; мясной сыр; бульоны с профитролями, кнелями, мясными фрикадельками; уха из различных пород рыб; ботвинья, окрошка овощная, мясная, с дичью; блюда из рыбы, мяса, запеченные отдельными порциями в различных соусах; мясное пюре, суфле, пудинги, рулеты).  Также повар занимается порционированием (комплектацией), оформлением и раздачей блюд.\r\n\r\nШеф-повар придумывает, выискивает и совершенствует рецепты редких блюд. Во многих столовых, трактирах и кафе шеф-повар – это повар с дополнительными обязанностями: он сервирует, организовывает банкеты и руководит производством. Он – администратор, повар и завхоз в одном лице, отвечающий за работу рядовых поваров и официантов, технологию приготовления блюд, закупку продуктов.\r\n\r\nСмотрет\r\n\r\nМесто работы:\r\n\r\nПредприятия общественного питания различных форм собственности.\"\r\n', 'https://kudapostupat.by/speciality/id/335\r\n', 17),
(70, 'Визажист\r\n', '\"Визажист - это специалист по макияжу, или, другими словами, универсальный мастер. В наше время это одна из самых востребованных и хорошо оплачиваемых профессий.\r\n\r\nНазвание профессии произошло от французского слова \"\"visage\"\", что переводится на русский язык как «образ, лицо».\r\n\r\nСейчас визажистов все чаще называют художниками по макияжу, ведь эти люди действительно проявляют определенные творческие способности, создавая вечерний или повседневный образ.\r\n\r\nВ обязанности визажиста входят следующие процедуры:\r\n\r\n Подготовка кожи для нанесения декоративной косметики.\r\n Подбор средств декоративной косметики в соответствии с индивидуальными особенностями и пожеланиями потребителя.\r\n Нанесение тонирующих и маскирующих средств декоративной косметики на лицо и в области декольте, выполнение дневного и вечернего макияжа с коррекцией овала лица и его деталей.\r\n Коррекция, оформление бровей.\r\n Окраска бровей и ресниц.\r\n Завивка ресниц.\r\n Приклеивание искусственных ресниц. \r\nЧеловек, выбравший данную профессию, должен иметь хороший вкус и чувство стиля. Только в этом случае можно добиться успехов, выстроив блестящую карьеру в fashion-индустрии.\r\n\r\nВажными качествами для визажиста являются чистоплотность, аккуратность в работе, пунктуальность, тактичность и вежливость при общении с клиентами, самоконтроль, доброжелательность, инициативность и коммуникабельность.\r\n\r\nК дополнительным навыкам можно отнести знание законов составления рисунка, основ психологии и умение доносить до клиентов свою точку зрения. \"\r\n', 'https://kudapostupat.by/speciality/id/114\r\n', 18),
(71, 'Модель\r\n', '\"Профессия «Демонстратор одежды» (модель) сегодня довольно популярна у молодежи и имеет целый ряд особенностей.\r\n\r\nГлавное значение здесь имеют природные внешние данные девушки или парня, а также возраст. Эта профессия также во многом схожа с актерской.\r\n\r\nРабота включает:\r\n\r\n демонстрацию одежды или прически на технических или художественных советах, методических совещаниях, показах, лекциях, выставках и других просмотрах;\r\n производственные примерки образцов одежды при ее изготовлении; позирование на фото- и киносъемках.\r\nДемонстратор должен знать правила и специфику демонстрирования одежды или прически в зависимости от ее вида, характера, стиля, особенности демонстрирования на съемках в студии и на показах, историю костюма и направления моды, основы актерского мастерства.\r\n\r\nНеобходимые качества, обеспечивающие успешность в профессии:\r\n\r\n1.Хорошая зрительная и моторная память.\r\n\r\n2.Гибкость мышления.\r\n\r\n3.Эмоциональная устойчивость.\r\n\r\n4.Ответственность.\r\n\r\n5.Исполнительность.\r\n\r\n6.Артистические способности.\r\n\r\n7.Хорошие внешние данные.\r\n\r\n8.Пластичность.\r\n\r\n9.Физическая выносливость.\r\n\r\n10.Чувство ритма.\r\n\r\n11.Музыкальность.\"\r\n', 'https://kudapostupat.by/speciality/id/137\r\n', 18),
(72, 'Модельер\r\n', '\"Модельер -- это общее название профессии, включающей в себя несколько направлений:\r\n\r\nшвейное производство, парикмахерское искусство, обувное производство и пр.\r\n\r\n \r\n\r\nВ сферу деятельности модельера (швейное производство) входит:\r\n\r\n- моделирование и художественное оформление одежды (стиль и мода, история развития костюма, понятие композиции, цвет в одежде, зрительные иллюзии, стилевое решение костюма);\r\n\r\n  - материаловедение;\r\n\r\n - конструирования (изделий различных силуэтов и покроев, выявление дефектов посадки изделия на фигуре и способы их устранения и прочее);\r\n\r\n - изготовление лекал;\r\n\r\n - градация лекал.\r\n\r\nМесто работы:\r\n\r\nПредприятия швейного производства,  модельные агентства.\r\n\r\nВ сферу деятельности модельера (парикмахерское искусство)//стилиста  входит: создание новых видов причесок, уход за волосами. \r\n\r\nМесто работы: салоны, парикмахерские, модельные агенства.\"\r\n', 'https://kudapostupat.by/speciality/id/340\r\n', 18),
(73, 'Парикмахер\r\n', '\"Профессия парикмахера (или стилиста) сегодня востребована во всем мире, их труд хорошо оплачивается.\r\n\r\n \r\n\r\nСегодня парикмахер - это не просто человек, умеющий стричь и красить волосы. Он должен быть мастером, создающим уникальные образы своих клиентов.\r\n\r\nВ парикмахерском деле есть несколько основных направлений:\r\n\r\n мужской мастер;\r\n женский мастер;\r\n колорист;\r\n специалист по плетению косичек;\r\n универсал;\r\n парикмахер-стилист.\"\r\n', 'https://kudapostupat.by/speciality/id/778\r\n', 18),
(74, 'Маркетолог\r\n', '\"Специальность высшего образования I ступени\r\n\r\nМаркетолог - это специалист по изучению вкусов покупателей и продвижению товара. Исследует, какая продукция будет пользоваться большим спросом и почему, оценивает рынок конкретных товаров и услуг. Проводит тщательный мониторинг отрасли, организует работу интервьюеров, выясняющих предпочтения покупателей. Обрабатывает информацию с помощью специальных компьютерных программ. Составляет подробный отчет с цифрами, графиками, сравнительными характеристиками. Делает прогноз и разрабатывает рекомендации.\"\r\n', 'https://kudapostupat.by/speciality/id/190\r\n', 19),
(75, 'Товаровед\r\n', '\"Деятельность товароведа отличается разнообразием. Одни товароведы занимаются организацией закупок товара и проверкой его качества, другие формируют ассортимент и цены, третьи отвечают за хранение продукции.\r\n\r\nСмотреть также в словаре: ТОВАРОВЕДЕНИЕ И ЭКСПЕРТИЗА ТОВАРОВ.\r\n\r\nМесто работы:\r\n\r\nТорговые компании, супермаркеты, склады, магазины, органы таможни, лаборатории экспертизы и сертификации, общество защиты потребителей.\"\r\n', 'https://kudapostupat.by/speciality/id/238\r\n', 19),
(76, 'Журналист\r\n', 'Журналист — это сотрудник периодического издания. Он собирает, обрабатывает, а потом грамотно и доступно излагает актуальную информацию.\r\n', 'https://kudapostupat.by/speciality/id/141\r\n', 20),
(77, 'Юрист\r\n', '\"Специальность высшего образования I ступени\r\n\r\nЮрист — это специалист, который прекрасно знает и применяет законы. Он консультирует по любым правовым вопросам, готовит и составляет контракты или договоры, может выступать представителем своих клиентов в судах или на переговорах.\r\n\r\nМесто работы: Правоохранительные органы, юридические консультации и т.д.\r\n\r\nЮрисконсульт защищает интересы и решает все правовые проблемы фирмы, в которой работает. В его обязанности входит консультирование бухгалтерии по поводу применения норм Налогового кодекса; составление договоров; подготовка материалов в арбитраже по договорным спорам.\r\n\r\nМесто работы:\r\n\r\nГосударственные структуры, коммерческие фирмы, финансовые учреждения, страховые компании и т.д.\r\n\r\n \"\r\n', 'https://kudapostupat.by/speciality/id/261\r\n', 21);

-- --------------------------------------------------------

--
-- Структура таблицы `fy_types_profession`
--

CREATE TABLE `fy_types_profession` (
  `fy_tp_id` int(11) NOT NULL,
  `fy_tp_name` text NOT NULL,
  `fy_tp_desc` text NOT NULL,
  `fy_tp_icon` text NOT NULL
) ENGINE=InnoDB DEFAULT CHARSET=utf8;

--
-- Дамп данных таблицы `fy_types_profession`
--

INSERT INTO `fy_types_profession` (`fy_tp_id`, `fy_tp_name`, `fy_tp_desc`, `fy_tp_icon`) VALUES
(1, 'Музыка/Звук', '', 'music_note'),
(2, 'Информационные технологии', '', 'code'),
(3, 'Автомеханика', '', 'build'),
(4, 'Финансы', '', 'attach_money'),
(5, 'Электроника', '', 'flash_on'),
(6, 'Земледелие', '', 'nature_people'),
(7, 'Животные', '', 'pets'),
(8, 'Кино\\мультипликация', '', 'camera_roll'),
(9, 'Менеджмент/Управление', '', 'group'),
(10, 'Строительство', '', 'business'),
(11, 'Сфера услуг', '', 'person_pin'),
(12, 'Медицина', '', 'healing'),
(13, 'Дизайн/Искусство', '', 'color_lens'),
(14, 'Педагогика', '', 'book'),
(15, 'Наука		\r\n', '', 'fingerprint'),
(16, 'Язык и литература		\r\n', '', 'format_color_text'),
(17, 'Еда и кулинария		\r\n', '', 'local_pizza'),
(18, 'Стиль и красота 		\r\n', '', 'face'),
(19, 'Торговля		\r\n', '', 'shopping_cart'),
(20, 'СМИ		\r\n', '', 'camera_alt'),
(21, 'Юридические услуги		\r\n', '', 'gavel');

--
-- Индексы сохранённых таблиц
--

--
-- Индексы таблицы `fy_admins`
--
ALTER TABLE `fy_admins`
  ADD PRIMARY KEY (`fy_adm_id`);

--
-- Индексы таблицы `fy_news`
--
ALTER TABLE `fy_news`
  ADD PRIMARY KEY (`fy_news_id`);

--
-- Индексы таблицы `fy_news_comments`
--
ALTER TABLE `fy_news_comments`
  ADD PRIMARY KEY (`fy_comm_id`);

--
-- Индексы таблицы `fy_professions`
--
ALTER TABLE `fy_professions`
  ADD PRIMARY KEY (`fy_prog_id`),
  ADD KEY `fy_prog_types` (`fy_prog_type`);

--
-- Индексы таблицы `fy_types_profession`
--
ALTER TABLE `fy_types_profession`
  ADD PRIMARY KEY (`fy_tp_id`);

--
-- AUTO_INCREMENT для сохранённых таблиц
--

--
-- AUTO_INCREMENT для таблицы `fy_admins`
--
ALTER TABLE `fy_admins`
  MODIFY `fy_adm_id` int(11) NOT NULL AUTO_INCREMENT, AUTO_INCREMENT=6;
--
-- AUTO_INCREMENT для таблицы `fy_news`
--
ALTER TABLE `fy_news`
  MODIFY `fy_news_id` int(11) NOT NULL AUTO_INCREMENT, AUTO_INCREMENT=24;
--
-- AUTO_INCREMENT для таблицы `fy_news_comments`
--
ALTER TABLE `fy_news_comments`
  MODIFY `fy_comm_id` int(11) NOT NULL AUTO_INCREMENT, AUTO_INCREMENT=41;
--
-- AUTO_INCREMENT для таблицы `fy_professions`
--
ALTER TABLE `fy_professions`
  MODIFY `fy_prog_id` int(11) NOT NULL AUTO_INCREMENT, AUTO_INCREMENT=78;
--
-- AUTO_INCREMENT для таблицы `fy_types_profession`
--
ALTER TABLE `fy_types_profession`
  MODIFY `fy_tp_id` int(11) NOT NULL AUTO_INCREMENT, AUTO_INCREMENT=22;
--
-- Ограничения внешнего ключа сохраненных таблиц
--

--
-- Ограничения внешнего ключа таблицы `fy_professions`
--
ALTER TABLE `fy_professions`
  ADD CONSTRAINT `fy_professions_ibfk_1` FOREIGN KEY (`fy_prog_type`) REFERENCES `fy_types_profession` (`fy_tp_id`);
COMMIT;

/*!40101 SET CHARACTER_SET_CLIENT=@OLD_CHARACTER_SET_CLIENT */;
/*!40101 SET CHARACTER_SET_RESULTS=@OLD_CHARACTER_SET_RESULTS */;
/*!40101 SET COLLATION_CONNECTION=@OLD_COLLATION_CONNECTION */;
